"batch","id","chapter","inventory_type","topic","content_technical_status","digitization_fidelity_status","correction_applied","disposition","notes"
"A","1-1","1","native_QUESTIONS","Direct vs Indirect Cost","VERIFIED","VERIFIED","no","active",""
"A","1-2","1","native_QUESTIONS","Fixed vs Variable Cost","VERIFIED","VERIFIED","no","active",""
"A","1-3","1","native_QUESTIONS","Resource Categories","VERIFIED","VERIFIED","no","active",""
"A","1-4","1","native_QUESTIONS","Code of Accounts","VERIFIED","VERIFIED","no","active",""
"A","1-5","1","native_QUESTIONS","WBS as Cost Element Structure","VERIFIED","VERIFIED","no","active",""
"A","1-6","1","native_QUESTIONS","Activity-Based Costing","VERIFIED (citation corrected)","VERIFIED","yes - page/section citation corrected on live QUESTIONS object","active","p.13 -> p.14 (ABC definition is on p.14)"
"A","1-7","1","native_QUESTIONS","Producer vs Consumer Cost","VERIFIED","VERIFIED","no","active",""
"A","1-8","1","native_QUESTIONS","Intangible / Opportunity Cost","VERIFIED","VERIFIED","no","active",""
"A","1-9","1","native_QUESTIONS","Cost Accounting Steps","VERIFIED","VERIFIED","no","active",""
"A","1-10","1","native_QUESTIONS","Fixed vs Indirect Fixed Cost","VERIFIED","VERIFIED","no","active",""
"A","2-1","2","native_QUESTIONS","Price vs Cost","VERIFIED","VERIFIED","no","active",""
"A","2-2","2","native_QUESTIONS","Costing-Pricing Sequence","VERIFIED","VERIFIED","no","active",""
"A","2-3","2","native_QUESTIONS","Building a Price from Cost","VERIFIED","VERIFIED","no","active",""
"A","2-4","2","native_QUESTIONS","Cost Classification","VERIFIED","VERIFIED","no","active",""
"A","2-5","2","native_QUESTIONS","Costing-Pricing Inputs","VERIFIED","VERIFIED","no","active",""
"A","2-6","2","native_QUESTIONS","Vendor Quotations","VERIFIED","VERIFIED","no","active",""
"A","2-7","2","native_QUESTIONS","Historical Records","VERIFIED","VERIFIED","no","active",""
"A","2-8","2","native_QUESTIONS","WBS and Cost/Price Comingling","VERIFIED","VERIFIED","no","active",""
"A","2-9","2","native_QUESTIONS","Financial Ratios","VERIFIED (citation corrected)","VERIFIED","yes - page/section citation corrected on live QUESTIONS object","active","p.20 -> p.19 (financial ratios sentence)"
"A","2-10","2","native_QUESTIONS","Scope and Cost Coding","VERIFIED","VERIFIED","no","active",""
"A","3-1","3","native_QUESTIONS","Materials Categories","VERIFIED (citation corrected)","VERIFIED","yes - page/section citation corrected on live QUESTIONS object","active","p.26 -> p.27 (Bulk Materials)"
"A","3-2","3","native_QUESTIONS","Materials Handling Principles","VERIFIED","VERIFIED","no","active",""
"A","3-3","3","native_QUESTIONS","Economic Order Quantity","VERIFIED","VERIFIED","no","active",""
"A","3-4","3","native_QUESTIONS","Reorder Point","VERIFIED","VERIFIED","no","active",""
"A","3-5","3","native_QUESTIONS","Safety Stock","VERIFIED","VERIFIED","no","active",""
"A","3-6","3","native_QUESTIONS","Just-In-Time","VERIFIED (citation corrected)","VERIFIED","yes - page/section citation corrected on live QUESTIONS object","active","p.28 -> p.29 (Just-In-Time)"
"A","3-7","3","native_QUESTIONS","Materials Traceability","VERIFIED (citation corrected)","VERIFIED","yes - page/section citation corrected on live QUESTIONS object","active","p.27 -> p.28 (mill certification)"
"A","3-8","3","native_QUESTIONS","Materials Quality","VERIFIED (citation corrected)","VERIFIED","yes - page/section citation corrected on live QUESTIONS object","active","p.27 -> p.28 (over-specification cost)"
"A","3-9","3","native_QUESTIONS","Fabricated vs Engineered Materials","VERIFIED (citation corrected)","VERIFIED","yes - page/section citation corrected on live QUESTIONS object","active","p.26 -> p.27 (Fabricated Materials)"
"A","3-10","3","native_QUESTIONS","Materials Handling Decision Factors","VERIFIED","VERIFIED","no","active",""
"A","3-11","3","native_QUESTIONS","Materials Handling Comparisons","VERIFIED","VERIFIED","no","active",""
"A","3-12","3","native_QUESTIONS","Vendor Surveillance","VERIFIED (citation corrected)","VERIFIED","yes - page/section citation corrected on live QUESTIONS object","active","p.27 -> p.28 (vendor surveillance)"
"A","4-1","4","native_QUESTIONS","Fully Loaded Rate","VERIFIED","VERIFIED","no","active",""
"A","4-2","4","native_QUESTIONS","Labor Burden Calculation","VERIFIED","VERIFIED","no","active",""
"A","4-3","4","native_QUESTIONS","Overtime Wage Calculation","VERIFIED","VERIFIED","no","active",""
"A","4-4","4","native_QUESTIONS","Weighted Average Crew Rate","VERIFIED (citation corrected)","VERIFIED","yes - page/section citation corrected on live QUESTIONS object","active","p.36 -> p.37 (Table 4.4)"
"A","4-5","4","native_QUESTIONS","Percent Complete from Physical Progress","VERIFIED (citation corrected)","VERIFIED","yes - page/section citation corrected on live QUESTIONS object","active","p.40 -> p.44 (Table 4.10)"
"A","4-6","4","native_QUESTIONS","Direct vs Indirect Labor","VERIFIED (citation corrected)","VERIFIED","yes - page/section citation corrected on live QUESTIONS object","active","Table 4.5 is actually p.39 not p.37; better citation is p.33 Labor Classifications"
"A","4-7","4","native_QUESTIONS","Overtime Benefit Exclusions","VERIFIED","VERIFIED","no","active",""
"A","4-8","4","native_QUESTIONS","Labor Rate Data Sources","VERIFIED","VERIFIED","no","active",""
"A","4-9","4","native_QUESTIONS","Weighted Average Rates","VERIFIED (citation corrected)","VERIFIED","yes - page/section citation corrected on live QUESTIONS object","active","p.36 -> p.37 (weighted-average rationale)"
"A","4-10","4","native_QUESTIONS","Interpreting Cost/Schedule Together","VERIFIED (citation corrected)","VERIFIED","yes - page/section citation corrected on live QUESTIONS object","active","p.42 -> p.44-45 (Example 1)"
"A","4-11","4","native_QUESTIONS","Weighted Average Crew Rate","VERIFIED (citation corrected)","VERIFIED","yes - page/section citation corrected on live QUESTIONS object","active","p.36 -> p.37 (Table 4.4)"
"A","4-12","4","native_QUESTIONS","WBS for Labor Estimating","VERIFIED (citation corrected)","VERIFIED","yes - page/section citation corrected on live QUESTIONS object","active","p.38 -> p.40 (Table 4.6)"
"A","5-1","5","native_QUESTIONS","Cost Commitment Timing","VERIFIED","VERIFIED","no","active",""
"A","5-2","5","native_QUESTIONS","Constructability","VERIFIED","VERIFIED","no","active",""
"A","5-3","5","native_QUESTIONS","Globalization Impact","VERIFIED","VERIFIED","no","active",""
"A","5-4","5","native_QUESTIONS","CAD/CAM Investment","VERIFIED","VERIFIED","no","active",""
"A","5-5","5","native_QUESTIONS","Make-or-Buy Decisions","VERIFIED","VERIFIED","no","active",""
"A","5-6","5","native_QUESTIONS","Flow Process Analysis","VERIFIED","VERIFIED","no","active",""
"A","5-7","5","native_QUESTIONS","Product Liability","VERIFIED","VERIFIED","no","active",""
"A","5-8","5","native_QUESTIONS","Research Types","VERIFIED","VERIFIED","no","active",""
"A","6-1","6","native_QUESTIONS","Value Categories","VERIFIED","VERIFIED","no","active",""
"A","6-2","6","native_QUESTIONS","Value Categories","VERIFIED","VERIFIED","no","active",""
"A","6-3","6","native_QUESTIONS","Residual Value Curves","VERIFIED (citation corrected)","VERIFIED","yes - page/section citation corrected on live QUESTIONS object","active","p.59 -> p.60 (high obsolescence curve)"
"A","6-4","6","native_QUESTIONS","Residual Value Curves","VERIFIED","VERIFIED","no","active",""
"A","6-5","6","native_QUESTIONS","Replacement Cost Subcategories","VERIFIED","VERIFIED","no","active",""
"A","6-6","6","native_QUESTIONS","Variables Affecting Residual Value","VERIFIED (citation corrected)","VERIFIED","yes - page/section citation corrected on live QUESTIONS object","active","p.59 -> p.60/62 (Changes in Technology variable)"
"A","6-7","6","native_QUESTIONS","Equipment Valuation Database","VERIFIED","VERIFIED","no","active",""
"A","6-8","6","native_QUESTIONS","Value Categories","VERIFIED","VERIFIED","no","active",""
"A","3-13","3","native_QUESTIONS","Material allowance","VERIFIED","VERIFIED","no","active",""
"A","3-14","3","native_QUESTIONS","Weighted average","VERIFIED","VERIFIED","no","active",""
"A","2-11","2","native_QUESTIONS","Markup","VERIFIED (source override live-wired)","VERIFIED","yes - previously-inert SOURCE_VALIDATION_OVERRIDES now assigned to live QUESTIONS.source","active","SOURCE_VALIDATION_OVERRIDES exists in code but never merged into live item (no PATCHES entry) - inert fix"
"A","1-11","1","native_QUESTIONS","Life-Cycle Costing","VERIFIED","VERIFIED","no","active",""
"A","1-12","1","native_QUESTIONS","Cost Structuring","VERIFIED","VERIFIED","no","active",""
"A","1-13","1","native_QUESTIONS","Cost Classification Methods","VERIFIED","VERIFIED","no","active",""
"A","1-14","1","native_QUESTIONS","Fundamental Attributes of Cost","VERIFIED","VERIFIED","no","active",""
"A","1-15","1","native_QUESTIONS","Cost Management","VERIFIED","VERIFIED","no","active",""
"A","3-15","3","native_QUESTIONS","Future Developments / 3D printing capabilities and limitations","VERIFIED","VERIFIED","no","active",""
"A","3-16","3","native_QUESTIONS","Types of Materials / Complexity range: raw to fabricated","VERIFIED","VERIFIED","no","active",""
"A","3-17","3","native_QUESTIONS","Materials Competition / Automotive materials substitution trend","VERIFIED","VERIFIED","no","active",""
"A","3-18","3","native_QUESTIONS","Materials Purchase and Management / Plant materials management scope","VERIFIED","VERIFIED","no","active",""
"A","3-19","3","native_QUESTIONS","Materials Safety / Safety Data Sheets (SDS) content","VERIFIED","VERIFIED","no","active",""
"A","4-13","4","native_QUESTIONS","Performance Monitoring / CPI/SPI-style cumulative calculation","VERIFIED","VERIFIED","no","active",""
"A","4-14","4","native_QUESTIONS","Performance Monitoring / ABC methodology for complex organizations","VERIFIED","VERIFIED","no","active",""
"A","4-15","4","native_QUESTIONS","Performance Monitoring / Duration-scale progress for hard-to-measure activities","VERIFIED","VERIFIED","no","active",""
"A","4-16","4","native_QUESTIONS","Estimating Work Hours / Purpose of grouping quantities into work packages","VERIFIED","VERIFIED","no","active",""
"A","4-17","4","native_QUESTIONS","Special Direct Labor Estimating Adjustments / Extended overtime productivity imp","VERIFIED","VERIFIED","no","active",""
"A","5-9","5","native_QUESTIONS","Patents and Trade Secrets / Current US patent duration","VERIFIED","VERIFIED","no","active",""
"A","5-10","5","native_QUESTIONS","Patents and Trade Secrets / Trade secret vs. patent protection","VERIFIED","VERIFIED","no","active",""
"A","5-11","5","native_QUESTIONS","Standardization / Risk of standardization","VERIFIED","VERIFIED","no","active",""
"A","5-12","5","native_QUESTIONS","Reengineering / Definition and focus on ""why"" over ""how""","VERIFIED","VERIFIED","no","active",""
"A","5-13","5","native_QUESTIONS","Facility Layout / Considerations in layout decisions","VERIFIED","VERIFIED","no","active",""
"A","6-9","6","native_QUESTIONS","Inflation Factors / Machine-specific vs. industry-specific indices","VERIFIED","VERIFIED","no","active",""
"A","6-10","6","native_QUESTIONS","Equipment Condition Terms / Scrap condition definition","VERIFIED","VERIFIED","no","active",""
"A","6-11","6","native_QUESTIONS","Equipment Valuations / No shortcut formula for residuals","VERIFIED","VERIFIED","no","active",""
"A","6-12","6","native_QUESTIONS","Market Valuation Buildup / Minimum desired selling price calculation","VERIFIED","VERIFIED","no","active",""
"A","6-13","6","native_QUESTIONS","Residual Valuation Formats / Common elements across formats","VERIFIED","VERIFIED","no","active",""
"A","1-16","1","native_QUESTIONS","Direct Cost Aggregation","VERIFIED","VERIFIED","no","active",""
"A","1-17","1","native_QUESTIONS","Indirect Cost Aggregation","CORRECTION REQUIRED (premise not source-defensible)","n/a (native item, not a digitized external source)","yes - quarantined via new BATCHA_QA_QUARANTINE list (isQuestionSuspended); SYSTEM_QUARANTINE_IDS (frozen at 9) untouched","quarantined","Profit and contingency incorrectly summed as indirect-cost elements; RP10S-90 + S&K6 Ch.1/Ch.2 Table 2.1 contradict this. No minimal edit preserves $73,000 without the false assertion. Quarantined pending a rewritten replacement."
"A","1-18","1","native_QUESTIONS","Total Cost Composition","VERIFIED","VERIFIED","no","active",""
"A","1-19","1","native_QUESTIONS","Indirect Cost by Subtraction","VERIFIED","VERIFIED","no","active",""
"A","1-20","1","native_QUESTIONS","Classification and Aggregation","VERIFIED (wording corrected, answer unchanged)","VERIFIED","yes - stem/explanation reworded on live QUESTIONS object; $197,000 answer and options untouched","active","No longer asserts profit is indirect or that every listed item must be direct/indirect; direct-cost total ($197,000 = labor+material+equipment+subcontract) is unchanged and was never in question."
"A","2-12","2","native_QUESTIONS","Price Build-Up","VERIFIED (source override live-wired)","VERIFIED","yes - previously-inert SOURCE_VALIDATION_OVERRIDES now assigned to live QUESTIONS.source","active","Same inert-override issue as 2-11"
"A","2-13","2","native_QUESTIONS","Markup vs. Margin Distinction","VERIFIED (source override live-wired)","VERIFIED","yes - previously-inert SOURCE_VALIDATION_OVERRIDES now assigned to live QUESTIONS.source","active","Same inert-override issue as 2-11"
"A","2-14","2","native_QUESTIONS","Return on Investment (ROI)","VERIFIED","VERIFIED","no","active",""
"A","2-15","2","native_QUESTIONS","Return on Investment (ROI) — Alternate Form","VERIFIED","VERIFIED","no","active",""
"A","2-16","2","native_QUESTIONS","Net Profit Margin","VERIFIED","VERIFIED","no","active",""
"A","2-17","2","native_QUESTIONS","Asset Turnover","VERIFIED","VERIFIED","no","active",""
"A","2-18","2","native_QUESTIONS","Return on Assets (ROA) — Direct","VERIFIED","VERIFIED","no","active",""
"A","2-19","2","native_QUESTIONS","Return on Assets (ROA) — Composite (DuPont) Method","VERIFIED","VERIFIED","no","active",""
"A","2-20","2","native_QUESTIONS","ROA Consistency Check (Direct vs. Composite)","VERIFIED","VERIFIED","no","active",""
"A","3-20","3","native_QUESTIONS","Waste Cost Composition","VERIFIED","VERIFIED","no","active",""
"A","3-21","3","native_QUESTIONS","Surplus Material Restocking Fee","VERIFIED","VERIFIED","no","active",""
"A","3-22","3","native_QUESTIONS","EOQ-Derived Number of Orders per Year","VERIFIED","VERIFIED","no","active",""
"A","4-18","4","native_QUESTIONS","Benefits/Fringe Adder Percentage","VERIFIED","VERIFIED","no","active",""
"A","4-19","4","native_QUESTIONS","Composite Crew Rate","VERIFIED","VERIFIED","no","active",""
"A","4-20","4","native_QUESTIONS","Composite Rate with Benefits Loaded","VERIFIED","VERIFIED","no","active",""
"A","4-21","4","native_QUESTIONS","Overtime Loaded Rate","VERIFIED","VERIFIED","no","active",""
"A","4-22","4","native_QUESTIONS","Double-Time Loaded Rate","VERIFIED","VERIFIED","no","active",""
"A","4-23","4","native_QUESTIONS","Total Crew Cost with Overtime","VERIFIED","VERIFIED","no","active",""
"A","4-24","4","native_QUESTIONS","Indirect Labor — Percentage Allocation Method","VERIFIED","VERIFIED","no","active",""
"A","4-25","4","native_QUESTIONS","Indirect Labor — Direct Estimate Method","VERIFIED","VERIFIED","no","active",""
"A","4-26","4","native_QUESTIONS","Overhead Labor — Percentage of Direct Cost","VERIFIED","VERIFIED","no","active",""
"A","4-27","4","native_QUESTIONS","Work-Hour Adjustment Factor (Productivity Loss)","VERIFIED","VERIFIED","no","active",""
"A","4-28","4","native_QUESTIONS","Applying the Work-Hour Adjustment Factor","VERIFIED","VERIFIED","no","active",""
"A","4-29","4","native_QUESTIONS","Location Factor Cost Adjustment","VERIFIED","VERIFIED","no","active",""
"A","4-30","4","native_QUESTIONS","Percent Complete — Multi-Activity Earned Hours","VERIFIED","VERIFIED","no","active",""
"A","4-31","4","native_QUESTIONS","Cumulative CPI and SPI on Workhours","VERIFIED","VERIFIED","no","active",""
"A","4-32","4","native_QUESTIONS","Salary-to-Hourly Rate Conversion","VERIFIED","VERIFIED","no","active",""
"A","4-33","4","native_QUESTIONS","WBS Scope-to-Labor-Hours Multiplication","VERIFIED","VERIFIED","no","active",""
"A","4-34","4","native_QUESTIONS","Combined Composite Rate, Benefits Load, and Weekly Crew Cost","VERIFIED","VERIFIED","no","active",""
"A","6-14","6","native_QUESTIONS","Market Value Subcategories","VERIFIED","VERIFIED","no","active",""
"A","6-15","6","native_QUESTIONS","Residual Value — Hard Cost vs. Total Cost Basis","VERIFIED","VERIFIED","no","active",""
"A","6-16","6","native_QUESTIONS","Currency Exchange Rate Impact on Equipment Cost","VERIFIED","VERIFIED","no","active",""
"A","6-17","6","native_QUESTIONS","Value Reduction from Relocation/Disassembly","VERIFIED","VERIFIED","no","active",""
"A","6-18","6","native_QUESTIONS","Minimum Desired Selling Price Build-Up","VERIFIED","VERIFIED","no","active",""
"A","6-19","6","native_QUESTIONS","Ownership Cost — Depreciation per Hour","D - TECHNICALLY VALID, OUTSIDE SUPPORTED CCP SOURCE SCOPE","VERIFIED","no - remains quarantined (SYSTEM_QUARANTINE_IDS + SUPPLEMENTAL_TRAINING_ONLY, pre-existing); not restored this pass","quarantined (unchanged)","No support in any of 5 sources; arithmetic correct; quarantine reconfirmed, reclass to insufficient-support recommended | A-E: technical validity=valid, source support=unsupported (checked all 5 sources), scope=outside supported CCP source scope, classification=D, disposition=quarantined (unchanged, not restored)."
"A","6-20","6","native_QUESTIONS","Ownership Cost — Interest, Insurance, and Taxes Component","D - TECHNICALLY VALID, OUTSIDE SUPPORTED CCP SOURCE SCOPE","VERIFIED","no - remains quarantined (SYSTEM_QUARANTINE_IDS + SUPPLEMENTAL_TRAINING_ONLY, pre-existing); not restored this pass","quarantined (unchanged)","Same as 6-19 | A-E: technical validity=valid, source support=unsupported (checked all 5 sources), scope=outside supported CCP source scope, classification=D, disposition=quarantined (unchanged, not restored)."
"A","6-21","6","native_QUESTIONS","Total Hourly Ownership Cost","D - TECHNICALLY VALID, OUTSIDE SUPPORTED CCP SOURCE SCOPE","VERIFIED","no - remains quarantined (SYSTEM_QUARANTINE_IDS + SUPPLEMENTAL_TRAINING_ONLY, pre-existing); not restored this pass","quarantined (unchanged)","Same as 6-19 | A-E: technical validity=valid, source support=unsupported (checked all 5 sources), scope=outside supported CCP source scope, classification=D, disposition=quarantined (unchanged, not restored)."
"A","6-22","6","native_QUESTIONS","Hourly Operating Cost","D - TECHNICALLY VALID, OUTSIDE SUPPORTED CCP SOURCE SCOPE","VERIFIED","no - remains quarantined (SYSTEM_QUARANTINE_IDS + SUPPLEMENTAL_TRAINING_ONLY, pre-existing); not restored this pass","quarantined (unchanged)","Same as 6-19 | A-E: technical validity=valid, source support=unsupported (checked all 5 sources), scope=outside supported CCP source scope, classification=D, disposition=quarantined (unchanged, not restored)."
"A","6-23","6","native_QUESTIONS","Total Equipment Hourly Rate (Ownership + Operating)","D - TECHNICALLY VALID, OUTSIDE SUPPORTED CCP SOURCE SCOPE","VERIFIED","no - remains quarantined (SYSTEM_QUARANTINE_IDS + SUPPLEMENTAL_TRAINING_ONLY, pre-existing); not restored this pass","quarantined (unchanged)","Same as 6-19 | A-E: technical validity=valid, source support=unsupported (checked all 5 sources), scope=outside supported CCP source scope, classification=D, disposition=quarantined (unchanged, not restored)."
"A","6-24","6","native_QUESTIONS","Rent vs. Buy Breakeven Analysis","D - TECHNICALLY VALID, OUTSIDE SUPPORTED CCP SOURCE SCOPE","VERIFIED","no - remains quarantined (SYSTEM_QUARANTINE_IDS + SUPPLEMENTAL_TRAINING_ONLY, pre-existing); not restored this pass","quarantined (unchanged)","Same as 6-19 | A-E: technical validity=valid, source support=unsupported (checked all 5 sources), scope=outside supported CCP source scope, classification=D, disposition=quarantined (unchanged, not restored)."
"A","sg1_1","1","EXAM_STUDY_GUIDE_BANK","1","VERIFIED","VERIFIED","no","active",""
"A","sg1_2","1","EXAM_STUDY_GUIDE_BANK","2","VERIFIED","VERIFIED","no","active",""
"A","sg1_3","1","EXAM_STUDY_GUIDE_BANK","3","VERIFIED","VERIFIED","no","active",""
"A","sg1_4","1","EXAM_STUDY_GUIDE_BANK","4","VERIFIED","VERIFIED","no","active",""
"A","sg1_5","1","EXAM_STUDY_GUIDE_BANK","5","VERIFIED","VERIFIED","no","active",""
"A","sg1_6","1","EXAM_STUDY_GUIDE_BANK","6","VERIFIED","VERIFIED","no","active",""
"A","sg1_7","1","EXAM_STUDY_GUIDE_BANK","7","VERIFIED","VERIFIED","no","active",""
"A","sg1_8","1","EXAM_STUDY_GUIDE_BANK","8","VERIFIED","VERIFIED","no","active",""
"A","sg1_9","1","EXAM_STUDY_GUIDE_BANK","9","VERIFIED","VERIFIED","no","active",""
"A","sg1_10","1","EXAM_STUDY_GUIDE_BANK","10","VERIFIED","VERIFIED","no","active",""
"A","appb_8","1","EXAM_STUDY_GUIDE_BANK","B.8","VERIFIED","VERIFIED","no","active",""
"A","sg2_1","2","EXAM_STUDY_GUIDE_BANK","1","VERIFIED","VERIFIED","no","active",""
"A","sg2_2","2","EXAM_STUDY_GUIDE_BANK","2","VERIFIED","VERIFIED","no","active",""
"A","sg2_3","2","EXAM_STUDY_GUIDE_BANK","3","VERIFIED","VERIFIED","no","active",""
"A","sg2_4","2","EXAM_STUDY_GUIDE_BANK","4","VERIFIED","VERIFIED","no","active",""
"A","sg2_5","2","EXAM_STUDY_GUIDE_BANK","5","VERIFIED","VERIFIED","no","active",""
"A","sg2_6","2","EXAM_STUDY_GUIDE_BANK","6","VERIFIED","VERIFIED","no","active",""
"A","sg2_7","2","EXAM_STUDY_GUIDE_BANK","7","VERIFIED","VERIFIED","no","active",""
"A","sg2_8","2","EXAM_STUDY_GUIDE_BANK","8","VERIFIED","VERIFIED","no","active",""
"A","appb_9","2","EXAM_STUDY_GUIDE_BANK","B.9","VERIFIED","VERIFIED","no","active",""
"A","sg3_1","3","EXAM_STUDY_GUIDE_BANK","1","VERIFIED","VERIFIED","no","active",""
"A","sg3_2","3","EXAM_STUDY_GUIDE_BANK","2","VERIFIED","VERIFIED","no","active",""
"A","sg3_3","3","EXAM_STUDY_GUIDE_BANK","3","VERIFIED","VERIFIED","no","active",""
"A","sg3_4","3","EXAM_STUDY_GUIDE_BANK","4","VERIFIED","VERIFIED","no","active",""
"A","sg3_5","3","EXAM_STUDY_GUIDE_BANK","5","VERIFIED","VERIFIED","no","active",""
"A","sg3_6","3","EXAM_STUDY_GUIDE_BANK","6","VERIFIED","VERIFIED","no","active",""
"A","sg3_7","3","EXAM_STUDY_GUIDE_BANK","7","VERIFIED","VERIFIED","no","active",""
"A","sg3_8","3","EXAM_STUDY_GUIDE_BANK","8","VERIFIED","VERIFIED","no","active",""
"A","sg3_9","3","EXAM_STUDY_GUIDE_BANK","9","VERIFIED","VERIFIED","no","active",""
"A","sg4_1","4","EXAM_STUDY_GUIDE_BANK","1","VERIFIED","VERIFIED","no","active",""
"A","sg4_2","4","EXAM_STUDY_GUIDE_BANK","2","VERIFIED","VERIFIED","no","active",""
"A","sg4_3","4","EXAM_STUDY_GUIDE_BANK","3","VERIFIED","VERIFIED","no","active",""
"A","sg4_4","4","EXAM_STUDY_GUIDE_BANK","4","VERIFIED","VERIFIED","no","active",""
"A","sg4_5","4","EXAM_STUDY_GUIDE_BANK","5","VERIFIED","VERIFIED","no","active",""
"A","sg4_6","4","EXAM_STUDY_GUIDE_BANK","6","VERIFIED","VERIFIED","no","active",""
"A","sg4_7","4","EXAM_STUDY_GUIDE_BANK","7","VERIFIED","VERIFIED","no","active",""
"A","sg4_8","4","EXAM_STUDY_GUIDE_BANK","8","VERIFIED","VERIFIED","no","active",""
"A","sg4_9","4","EXAM_STUDY_GUIDE_BANK","9","VERIFIED","VERIFIED","no","active",""
"A","sg5_1","5","EXAM_STUDY_GUIDE_BANK","1","VERIFIED","VERIFIED","no","active",""
"A","sg5_2","5","EXAM_STUDY_GUIDE_BANK","2","VERIFIED","VERIFIED","no","active",""
"A","sg5_3","5","EXAM_STUDY_GUIDE_BANK","3","VERIFIED","VERIFIED","no","active",""
"A","sg5_4","5","EXAM_STUDY_GUIDE_BANK","4","VERIFIED","VERIFIED","no","active",""
"A","sg5_5","5","EXAM_STUDY_GUIDE_BANK","5","VERIFIED","VERIFIED","no","active",""
"A","sg5_6","5","EXAM_STUDY_GUIDE_BANK","6","VERIFIED","VERIFIED","no","active",""
"A","sg5_7","5","EXAM_STUDY_GUIDE_BANK","7","VERIFIED","VERIFIED","no","active",""
"A","sg5_8","5","EXAM_STUDY_GUIDE_BANK","8","VERIFIED","VERIFIED","no","active",""
"A","sg5_9","5","EXAM_STUDY_GUIDE_BANK","9","VERIFIED","VERIFIED","no","active",""
"A","sg6_1","6","EXAM_STUDY_GUIDE_BANK","1","VERIFIED","VERIFIED","no","active",""
"A","sg6_2","6","EXAM_STUDY_GUIDE_BANK","2","VERIFIED","VERIFIED","no","active",""
"A","sg6_3","6","EXAM_STUDY_GUIDE_BANK","3","VERIFIED","VERIFIED","no","active",""
"A","sg6_4","6","EXAM_STUDY_GUIDE_BANK","4","SOURCE CONFLICT (Study Guide erratum suspected)","VERIFIED - app reproduces the Study Guide printed question/answer exactly","yes - sourceConflict flag + audit note added; excluded from Official Study Guide auto-graded score (finishOfficialStudyGuide wrap)","active for provenance/display; excluded from scoring, mastery, cold evidence, readiness, and high-confidence-misconception contribution","Study Guide states Replacement Cost has 3 subcategories (Reproduction Cost, Replacement Cost, Fair Value); S&K6 Ch.6 p.55 defines only 2 (Reproduction Cost, Fair Value) - Replacement Cost cannot be its own subcategory. Official item/answer preserved unedited for provenance."
"A","sg6_5","6","EXAM_STUDY_GUIDE_BANK","5","VERIFIED","VERIFIED","no","active",""
"A","sg6_6","6","EXAM_STUDY_GUIDE_BANK","6","VERIFIED","VERIFIED","no","active",""
"A","sg6_7","6","EXAM_STUDY_GUIDE_BANK","7","VERIFIED","VERIFIED","no","active",""
"A","sg6_8","6","EXAM_STUDY_GUIDE_BANK","8","VERIFIED","VERIFIED","no","active",""
"A","sg6_9","6","EXAM_STUDY_GUIDE_BANK","9","VERIFIED","VERIFIED","no","active",""
"A","sg6_10","6","EXAM_STUDY_GUIDE_BANK","10","VERIFIED","VERIFIED","no","active",""
"A","appa_4a","6","EXAM_STUDY_GUIDE_BANK","A.4a","VERIFIED","VERIFIED","no","active",""
"A","appa_4b","6","EXAM_STUDY_GUIDE_BANK","A.4b","VERIFIED","VERIFIED","no","active",""
"A","appa_4c","6","EXAM_STUDY_GUIDE_BANK","A.4c","VERIFIED","VERIFIED","no","active",""
"A","appa_4d","6","EXAM_STUDY_GUIDE_BANK","A.4d","VERIFIED","VERIFIED","no","active",""
"A","appa_4e","6","EXAM_STUDY_GUIDE_BANK","A.4e","VERIFIED","VERIFIED","no","active",""
"A","appa_4f","6","EXAM_STUDY_GUIDE_BANK","A.4f","VERIFIED","VERIFIED","no","active",""
"A","appa_4g","6","EXAM_STUDY_GUIDE_BANK","A.4g","VERIFIED","VERIFIED","no","active",""
"A","cm5_1","5","V56_CURATED_BANK","Research","VERIFIED","VERIFIED","yes - provenance now resolvable via BATCHA_CURATED_MASTERY_PROVENANCE lookup (external, no object/UI mutation)","active","No citation field present in this bank (structural gap, not a correctness defect)"
"A","cm5_2","5","V56_CURATED_BANK","Patents","VERIFIED","VERIFIED","yes - provenance now resolvable via BATCHA_CURATED_MASTERY_PROVENANCE lookup (external, no object/UI mutation)","active","No citation field present in this bank (structural gap, not a correctness defect)"
"A","cm5_3","5","V56_CURATED_BANK","Standardization","VERIFIED","VERIFIED","yes - provenance now resolvable via BATCHA_CURATED_MASTERY_PROVENANCE lookup (external, no object/UI mutation)","active","No citation field present in this bank (structural gap, not a correctness defect)"
"A","cm5_4","5","V56_CURATED_BANK","Production Systems","VERIFIED","VERIFIED","yes - provenance now resolvable via BATCHA_CURATED_MASTERY_PROVENANCE lookup (external, no object/UI mutation)","active","No citation field present in this bank (structural gap, not a correctness defect)"
"A","cm5_5","5","V56_CURATED_BANK","Manufacturability","VERIFIED","VERIFIED","yes - provenance now resolvable via BATCHA_CURATED_MASTERY_PROVENANCE lookup (external, no object/UI mutation)","active","No citation field present in this bank (structural gap, not a correctness defect)"
"A","cm5_6","5","V56_CURATED_BANK","Constructability","VERIFIED","VERIFIED","yes - provenance now resolvable via BATCHA_CURATED_MASTERY_PROVENANCE lookup (external, no object/UI mutation)","active","No citation field present in this bank (structural gap, not a correctness defect)"
"A","cm5_7","5","V56_CURATED_BANK","Reengineering","VERIFIED","VERIFIED","yes - provenance now resolvable via BATCHA_CURATED_MASTERY_PROVENANCE lookup (external, no object/UI mutation)","active","No citation field present in this bank (structural gap, not a correctness defect)"
"A","cm5_8","5","V56_CURATED_BANK","Continuous Production Economics","VERIFIED","VERIFIED","yes - provenance now resolvable via BATCHA_CURATED_MASTERY_PROVENANCE lookup (external, no object/UI mutation)","active","No citation field present in this bank (structural gap, not a correctness defect)"
"A","hm5_1","5","V57_INTERNAL_MASTERY_BANK","Applied Research","VERIFIED","VERIFIED","yes - provenance now resolvable via BATCHA_CURATED_MASTERY_PROVENANCE lookup (external, no object/UI mutation)","active","No citation field present in this bank (structural gap, not a correctness defect)"
"A","hm5_2","5","V57_INTERNAL_MASTERY_BANK","Patent Term","VERIFIED","VERIFIED","yes - provenance now resolvable via BATCHA_CURATED_MASTERY_PROVENANCE lookup (external, no object/UI mutation)","active","No citation field present in this bank (structural gap, not a correctness defect)"
"A","hm5_3","5","V57_INTERNAL_MASTERY_BANK","Standardization","VERIFIED","VERIFIED","yes - provenance now resolvable via BATCHA_CURATED_MASTERY_PROVENANCE lookup (external, no object/UI mutation)","active","No citation field present in this bank (structural gap, not a correctness defect)"
"A","hm5_4","5","V57_INTERNAL_MASTERY_BANK","Continuous Production","VERIFIED","VERIFIED","yes - provenance now resolvable via BATCHA_CURATED_MASTERY_PROVENANCE lookup (external, no object/UI mutation)","active","No citation field present in this bank (structural gap, not a correctness defect)"
"A","hm5_5","5","V57_INTERNAL_MASTERY_BANK","Discrete Production","VERIFIED","VERIFIED","yes - provenance now resolvable via BATCHA_CURATED_MASTERY_PROVENANCE lookup (external, no object/UI mutation)","active","No citation field present in this bank (structural gap, not a correctness defect)"
"A","hm5_6","5","V57_INTERNAL_MASTERY_BANK","Manufacturability","VERIFIED","VERIFIED","yes - provenance now resolvable via BATCHA_CURATED_MASTERY_PROVENANCE lookup (external, no object/UI mutation)","active","No citation field present in this bank (structural gap, not a correctness defect)"
"A","hm5_7","5","V57_INTERNAL_MASTERY_BANK","Constructability","VERIFIED","VERIFIED","yes - provenance now resolvable via BATCHA_CURATED_MASTERY_PROVENANCE lookup (external, no object/UI mutation)","active","No citation field present in this bank (structural gap, not a correctness defect)"
"A","hm5_8","5","V57_INTERNAL_MASTERY_BANK","Reengineering","VERIFIED","VERIFIED","yes - provenance now resolvable via BATCHA_CURATED_MASTERY_PROVENANCE lookup (external, no object/UI mutation)","active","No citation field present in this bank (structural gap, not a correctness defect)"
"A","hm5_9","5","V57_INTERNAL_MASTERY_BANK","Continuous Production Economics","VERIFIED","VERIFIED","yes - provenance now resolvable via BATCHA_CURATED_MASTERY_PROVENANCE lookup (external, no object/UI mutation)","active","No citation field present in this bank (structural gap, not a correctness defect)"
"A","hm5_10","5","V57_INTERNAL_MASTERY_BANK","Standardization Decision","VERIFIED","VERIFIED","yes - provenance now resolvable via BATCHA_CURATED_MASTERY_PROVENANCE lookup (external, no object/UI mutation)","active","No citation field present in this bank (structural gap, not a correctness defect)"
"A","2.C-reserve-1","1","V522_TASK_RESERVE_ITEMS","Field Quantity Verification","VERIFIED (citation-scope corrected)","VERIFIED","yes - dropped unsupported Ch.1 reference on live QUESTIONS object (BP522-2_C-1/2/3), Ch.9 citation retained","active","Cites S&K6 Ch.1 but content is Ch.9 (Take-Off) territory; drop Ch.1 from citation"
"A","2.C-reserve-2","1","V522_TASK_RESERVE_ITEMS","Field Quantity Verification","VERIFIED (citation-scope corrected)","VERIFIED","yes - dropped unsupported Ch.1 reference on live QUESTIONS object (BP522-2_C-1/2/3), Ch.9 citation retained","active","Cites S&K6 Ch.1 but content is Ch.9 (Take-Off) territory; drop Ch.1 from citation"
"A","2.C-reserve-3","1","V522_TASK_RESERVE_ITEMS","Field Quantity Verification","VERIFIED (citation-scope corrected)","VERIFIED","yes - dropped unsupported Ch.1 reference on live QUESTIONS object (BP522-2_C-1/2/3), Ch.9 citation retained","active","Cites S&K6 Ch.1 but content is Ch.9 (Take-Off) territory; drop Ch.1 from citation"
"A","1.Q-direct","1","V524_DIRECT_TASK_ITEMS","Current Data Organization","VERIFIED","VERIFIED","no","active","Ch.1 link to TCM data-collection principle is generic but not fabricated"
"A","cm6_src_1","6","V56_CURATED_BANK (phase2b injected)","Fair Market Value-in-Place","VERIFIED","VERIFIED","yes - provenance now resolvable via BATCHA_CURATED_MASTERY_PROVENANCE lookup (external, no object/UI mutation)","active","Added via phase2b-ch6-source-backed-replacement-cases script; no citation field but content verified against p.55-60"
"A","cm6_src_2","6","V56_CURATED_BANK (phase2b injected)","Forced Liquidation Value","VERIFIED","VERIFIED","yes - provenance now resolvable via BATCHA_CURATED_MASTERY_PROVENANCE lookup (external, no object/UI mutation)","active","Added via phase2b-ch6-source-backed-replacement-cases script; no citation field but content verified against p.55-60"
"A","cm6_src_3","6","V56_CURATED_BANK (phase2b injected)","Replacement Cost","VERIFIED","VERIFIED","yes - provenance now resolvable via BATCHA_CURATED_MASTERY_PROVENANCE lookup (external, no object/UI mutation)","active","Added via phase2b-ch6-source-backed-replacement-cases script; no citation field but content verified against p.55-60"
"A","cm6_src_4","6","V56_CURATED_BANK (phase2b injected)","High Obsolescence","VERIFIED","VERIFIED","yes - provenance now resolvable via BATCHA_CURATED_MASTERY_PROVENANCE lookup (external, no object/UI mutation)","active","Added via phase2b-ch6-source-backed-replacement-cases script; no citation field but content verified against p.55-60"
"A","cm6_src_5","6","V56_CURATED_BANK (phase2b injected)","Disrupted Market","VERIFIED","VERIFIED","yes - provenance now resolvable via BATCHA_CURATED_MASTERY_PROVENANCE lookup (external, no object/UI mutation)","active","Added via phase2b-ch6-source-backed-replacement-cases script; no citation field but content verified against p.55-60"
"A","cm6_src_6","6","V56_CURATED_BANK (phase2b injected)","Salvage vs Scrap","VERIFIED","VERIFIED","yes - provenance now resolvable via BATCHA_CURATED_MASTERY_PROVENANCE lookup (external, no object/UI mutation)","active","Added via phase2b-ch6-source-backed-replacement-cases script; no citation field but content verified against p.55-60"
"A","cm6_src_7","6","V56_CURATED_BANK (phase2b injected)","Residual Value Drivers","VERIFIED","VERIFIED","yes - provenance now resolvable via BATCHA_CURATED_MASTERY_PROVENANCE lookup (external, no object/UI mutation)","active","Added via phase2b-ch6-source-backed-replacement-cases script; no citation field but content verified against p.55-60"
"A","cm6_src_8","6","V56_CURATED_BANK (phase2b injected)","Valuation Database","VERIFIED","VERIFIED","yes - provenance now resolvable via BATCHA_CURATED_MASTERY_PROVENANCE lookup (external, no object/UI mutation)","active","Added via phase2b-ch6-source-backed-replacement-cases script; no citation field but content verified against p.55-60"
"A","hm6_src_1","6","V57_INTERNAL_MASTERY_BANK (phase2b injected)","Value-in-Place","VERIFIED","VERIFIED","yes - provenance now resolvable via BATCHA_CURATED_MASTERY_PROVENANCE lookup (external, no object/UI mutation)","active","Added via phase2b-ch6-source-backed-replacement-cases script; no citation field but content verified against p.55-60"
"A","hm6_src_2","6","V57_INTERNAL_MASTERY_BANK (phase2b injected)","Orderly vs Forced Liquidation","VERIFIED","VERIFIED","yes - provenance now resolvable via BATCHA_CURATED_MASTERY_PROVENANCE lookup (external, no object/UI mutation)","active","Added via phase2b-ch6-source-backed-replacement-cases script; no citation field but content verified against p.55-60"
"A","hm6_src_3","6","V57_INTERNAL_MASTERY_BANK (phase2b injected)","Reproduction Cost","VERIFIED","VERIFIED","yes - provenance now resolvable via BATCHA_CURATED_MASTERY_PROVENANCE lookup (external, no object/UI mutation)","active","Added via phase2b-ch6-source-backed-replacement-cases script; no citation field but content verified against p.55-60"
"A","hm6_src_4","6","V57_INTERNAL_MASTERY_BANK (phase2b injected)","Salvage Value","VERIFIED","VERIFIED","yes - provenance now resolvable via BATCHA_CURATED_MASTERY_PROVENANCE lookup (external, no object/UI mutation)","active","Added via phase2b-ch6-source-backed-replacement-cases script; no citation field but content verified against p.55-60"
"A","hm6_src_5","6","V57_INTERNAL_MASTERY_BANK (phase2b injected)","Scrap Value","VERIFIED","VERIFIED","yes - provenance now resolvable via BATCHA_CURATED_MASTERY_PROVENANCE lookup (external, no object/UI mutation)","active","Added via phase2b-ch6-source-backed-replacement-cases script; no citation field but content verified against p.55-60"
"A","hm6_src_6","6","V57_INTERNAL_MASTERY_BANK (phase2b injected)","High Obsolescence Curve","VERIFIED","VERIFIED","yes - provenance now resolvable via BATCHA_CURATED_MASTERY_PROVENANCE lookup (external, no object/UI mutation)","active","Added via phase2b-ch6-source-backed-replacement-cases script; no citation field but content verified against p.55-60"
"A","hm6_src_7","6","V57_INTERNAL_MASTERY_BANK (phase2b injected)","Disrupted Market Curve","VERIFIED","VERIFIED","yes - provenance now resolvable via BATCHA_CURATED_MASTERY_PROVENANCE lookup (external, no object/UI mutation)","active","Added via phase2b-ch6-source-backed-replacement-cases script; no citation field but content verified against p.55-60"
"A","hm6_src_8","6","V57_INTERNAL_MASTERY_BANK (phase2b injected)","Residual Value Factors","VERIFIED","VERIFIED","yes - provenance now resolvable via BATCHA_CURATED_MASTERY_PROVENANCE lookup (external, no object/UI mutation)","active","Added via phase2b-ch6-source-backed-replacement-cases script; no citation field but content verified against p.55-60"
"A","hm6_src_9","6","V57_INTERNAL_MASTERY_BANK (phase2b injected)","Valuation Data Quality","VERIFIED","VERIFIED","yes - provenance now resolvable via BATCHA_CURATED_MASTERY_PROVENANCE lookup (external, no object/UI mutation)","active","Added via phase2b-ch6-source-backed-replacement-cases script; no citation field but content verified against p.55-60"
"A","hm6_src_10","6","V57_INTERNAL_MASTERY_BANK (phase2b injected)","Market vs Replacement Value","VERIFIED","VERIFIED","yes - provenance now resolvable via BATCHA_CURATED_MASTERY_PROVENANCE lookup (external, no object/UI mutation)","active","Added via phase2b-ch6-source-backed-replacement-cases script; no citation field but content verified against p.55-60"
