candidate_a,candidate_b,chapters,similarity_metrics,shared_skill,shared_topic,manual_classification,evidence_family,review_notes,review_status
29-20,29-21,29,wj=0.83 bj=0.85 tj=0.85 er=0.96 os=0.83,partial,no,B,,"Same reused 10-value dataset (12..30) but different statistic (median vs mode); different formula/skill, so a median misconception does not predict a mode error.",CLOSED
11-11,11-21,11,wj=0.86 bj=0.81 tj=0.74 er=0.97 os=0.13,yes,no,C,CH11_GROSSUP_PRETAX_PROFIT,"Identical grossing-up formula Pre-Tax=After-Tax/(1-TaxRate); only the tax rate (40% vs 35%) and dollar target are reparameterized. Same chapter, same scenario template.",ACTION_NEEDED
10-12,10-24,10,wj=0.89 bj=0.76 tj=0.65 er=0.97 os=0.33,yes,no,C,CH10_ROYALTY_EXPENSE_PCT_SALES,"Identical formula/template (royalty = sales x rate, same source page); only sales figure and rate reparameterized. Same chapter.",ACTION_NEEDED
11-19,11-20,11,wj=0.93 bj=0.60 tj=0.44 er=0.85 os=0.62,partial,no,B,,Same cost/markup-% inputs but different formula/unknown: markup amount (TC*MU/(1-MU)) vs selling price (TC/(1-MU)) — different derived quantity.,CLOSED
27-16,27-17,27,wj=0.67 bj=0.50 tj=0.40 er=0.84 os=0.72,yes,no,C,CH27_EFFECTIVE_RATE_PERIODIC,"Same nominal->effective rate formula (Eq 27.1/27.2, i=(1+r/k)^k-1); only nominal rate and compounding frequency k reparameterized. Same chapter.",ACTION_NEEDED
29-19,29-20,29,wj=0.56 bj=0.42 tj=0.42 er=0.69 os=0.83,partial,no,B,,"Same reused dataset, but mean vs median are different formulas/skills.",CLOSED
29-19,29-21,29,wj=0.56 bj=0.42 tj=0.42 er=0.67 os=0.83,partial,no,B,,"Same reused dataset, but mean vs mode are different formulas/skills.",CLOSED
6-12,6-18,6,wj=0.86 bj=0.64 tj=0.48 er=0.40 os=0.27,yes,no,C,CH6_MIN_DESIRED_SELLING_PRICE,"Identical Table 6.2 buildup formula (purchase+cost of money+overhead+profit); only auction price, hold period and profit% reparameterized. Same chapter.",ACTION_NEEDED
7-17,7-21,7,wj=0.88 bj=0.52 tj=0.31 er=0.81 os=0.00,yes,no,C,CH7_INTEREST_RATE_ADDITIVE,"Identical additive-method formula (rate = inflation + risk premium); only the two input percentages reparameterized. Same chapter, mirrors the chapter's own worked example.",ACTION_NEEDED
11-7,11-8,11,wj=0.69 bj=0.44 tj=0.36 er=0.33 os=0.67,partial,no,B,,"Shutdown Point (excludes admin/G&A) vs Cost Point (includes admin/G&A) are different formula scopes, not a reworded duplicate.",CLOSED
19-1,19-2,19,wj=0.60 bj=0.46 tj=0.42 er=0.63 os=0.00,partial,no,B,,EV(BCWP) calculation vs CV/CPI calculation are different formulas even though they build on the same cost account narrative.,CLOSED
29-16,29-29,29,wj=0.50 bj=0.29 tj=0.17 er=0.69 os=0.75,yes,no,D,CH29_EXPECTED_VALUE_BID_REJECT_REPR_DUP,"Same exact probabilities (0.7/0.3), same $50,000 profit, same $0 alternative, same formula and same correct answer ($15,000); options are the same 4 values only reordered. Stems are cosmetic rewrites of each other ('bid-review board estimates that a proposal has...' vs 'A bid proposal has...'). This reads as the same authored item duplicated under two ids, one of them explicitly marked '(fresh scenario)' in its source note despite not being a fresh scenario.",ACTIONED (added to CCP_v1.2_Evidence_Equivalence.csv as REPRESENTATION_DUPLICATE_FLAGGED; recommend future content-authoring review to retire/replace one item)
29-20,29-23,29,wj=0.47 bj=0.40 tj=0.40 er=0.62 os=0.04,partial,no,B,,Median vs sample variance/std-dev on the same dataset — different formulas/skills.,CLOSED
29-21,29-23,29,wj=0.47 bj=0.40 tj=0.40 er=0.60 os=0.04,partial,no,B,,Mode vs sample variance/std-dev on the same dataset — different formulas/skills.,CLOSED
14-24,14-30,14,wj=0.45 bj=0.40 tj=0.33 er=0.76 os=0.06,no,no,A,,"Weighted/equivalent-units applicability vs incremental-milestone applicability are two distinct EVM progress-measurement techniques with different defining scenarios, despite parallel question phrasing.",CLOSED
19-5,19-6,19,wj=0.43 bj=0.26 tj=0.15 er=0.38 os=0.83,partial,yes,B,,EAC Method 1 (remaining at budget rate) vs EAC Method 2 (CPI continues) are different named formulas/methods.,CLOSED
4-21,4-22,4,wj=0.59 bj=0.27 tj=0.12 er=0.57 os=0.67,partial,no,B,,"Overtime (1.5x + govt adder) vs double-time (2.0x + govt adder) are two distinct pay-rate facts a learner must know separately, even though the wrapping formula structure is similar.",CLOSED
7-19,7-20,7,wj=0.65 bj=0.38 tj=0.21 er=0.72 os=0.25,partial,no,B,,Double-Declining-Balance vs Sum-of-Years-Digits are different depreciation methods entirely.,CLOSED
14-8,14-29,14,wj=0.71 bj=0.24 tj=0.08 er=0.71 os=0.50,partial,no,B,,50/50 rule vs 0/100 rule are different EV-recognition rules with different correct-answer logic.,CLOSED
3.F-f3,4.K-f1,19,wj=0.50 bj=0.38 tj=0.25 er=0.80 os=0.26,partial,no,B,,Different blueprint task codes (3.F profit-margin-analysis vs 4.K profit-margin-impact) with different root causes (material escalation vs productivity deterioration).,CLOSED
19-21,19-22,19,wj=0.60 bj=0.38 tj=0.18 er=0.87 os=0.31,partial,no,B,,EAC Method 1 vs EAC Method 2 — different named formulas.,CLOSED
4-29,9-34,4/9,wj=0.60 bj=0.32 tj=0.18 er=0.82 os=0.37,partial,no,B,,"Location-factor/index formula is identical, but Ch.4 applies it specifically to labor rates while Ch.9 applies it to a full project estimate — different chapter-scoped learning objectives per the blueprint's domain structure; not confident this is intended as the same evidence family (see also candidate index 22 in Near-Duplicate Audit for the cross-chapter reuse pattern).",CLOSED
30-2,30-11,30,wj=0.57 bj=0.34 tj=0.19 er=0.75 os=0.33,yes,no,C,CH30_MONTECARLO_EV_TWO_OUTCOME,Identical two-outcome probability-weighted expected-value formula and scenario structure; only probabilities/outcomes reparameterized. Same chapter.,ACTION_NEEDED
11-22,11-23,11,wj=0.67 bj=0.27 tj=0.16 er=0.20 os=0.54,partial,no,B,,Shutdown Point vs Cost Point (quantity-based) are different formula scopes (Cost Point adds an extra overhead term).,CLOSED
19-23,19-24,19,wj=0.37 bj=0.26 tj=0.17 er=0.65 os=0.50,partial,no,B,,Unit Cost Index vs Productivity Index are different formulas (dollar-based vs workhour-based credit).,CLOSED
7-20,10-28,7/10,wj=0.56 bj=0.24 tj=0.16 er=0.59 os=0.12,uncertain,yes,B,,"RC3 final adjudication: same SOYD formula family, but 7-20 (Cost=$9,000/Salvage=$1,000/N=4, asks Year 2, requires subtracting salvage before applying the SOYD fraction) and 10-28 (Investment=$600,000/N=4, no salvage, asks Year 3) differ in the year computed, the numbers, and whether a salvage subtraction step applies. Solving one does not give the other's answer; genuinely independent reasoning is required. RELATED_BUT_INDEPENDENT -- kept as separate evidence.",CLOSED
23-19,26-9,23/26,wj=0.52 bj=0.32 tj=0.19 er=0.83 os=0.20,partial,no,B,,"Liquidated damages without a cap vs liquidated damages WITH a cap (min function) — the capped case tests an additional, distinct rule.",CLOSED
28-3,28-20,28,wj=0.61 bj=0.32 tj=0.15 er=0.83 os=0.29,yes,no,C,CH28_PROFITABILITY_INDEX,Identical Profitability Index formula and >1-means-fund interpretation; only the PV/investment dollar figures reparameterized. Same chapter.,ACTION_NEEDED
29-19,29-23,29,wj=0.56 bj=0.35 tj=0.35 er=0.54 os=0.04,partial,no,B,,Mean vs variance/std-dev on the same dataset — different formulas/skills.,CLOSED
14-27,14-31,14,wj=0.46 bj=0.35 tj=0.32 er=0.15 os=0.00,partial,no,B,,"Same spool-weighting scenario, but one item computes EV numerically while the other asks the learner to diagnose why a DIFFERENT (naive) method is wrong — different cognitive task (calculate vs identify an error in someone else's reasoning).",CLOSED
13-27,13-28,13,wj=0.30 bj=0.39 tj=0.37 er=0.55 os=0.24,partial,no,B,,Free Float value vs full critical-path identification on the same network — different specific ask/formula.,CLOSED
4-20,4-21,4,wj=0.52 bj=0.23 tj=0.16 er=0.49 os=0.47,partial,no,B,,General benefits-loaded composite rate (30% load) vs overtime-loaded rate (1.5x + government adder) — different rate-loading facts/formulas.,CLOSED
33-1,24-2,33/24,wj=0.36 bj=0.30 tj=0.22 er=0.53 os=0.03,no,yes,A,,"Two genuinely different official TCM definitions from two different source passages (S&K6 Preface p.5 general definition vs Ch.24 p.317 'portfolio of strategic assets' definition); correct answers differ substantively, not just rewording.",CLOSED
21-8,21-9,21,wj=0.52 bj=0.18 tj=0.09 er=0.49 os=0.71,partial,no,B,,"Failure-cost range (65-70% bracket) vs prevention-cost (5% bracket) are different COQ categories/percentages, even though both use the same $800,000 total.",CLOSED
14-30,14-35,14,wj=0.33 bj=0.27 tj=0.20 er=0.67 os=0.09,no,no,A,,Incremental milestone vs Level of Effort are two distinct progress-measurement techniques with different defining scenarios.,CLOSED
27-16,27-18,27,wj=0.60 bj=0.13 tj=0.06 er=0.79 os=0.59,partial,no,B,,Semi-annual compounding (periodic formula) vs continuous compounding (i=e^r-1) are different formulas entirely.,CLOSED
27-17,27-18,27,wj=0.50 bj=0.12 tj=0.06 er=0.72 os=0.75,partial,no,B,,Monthly compounding (periodic formula) vs continuous compounding (i=e^r-1) are different formulas.,CLOSED
27-2,27-17,27,wj=0.50 bj=0.24 tj=0.11 er=0.79 os=0.23,yes,no,C,CH27_EFFECTIVE_RATE_PERIODIC,"Both use the identical periodic-compounding formula (Eq 27.1/27.2, monthly, k=12); only the nominal rate (12% vs 10%) differs. Same chapter.",ACTION_NEEDED
28-4,28-18,28,wj=0.48 bj=0.21 tj=0.08 er=0.49 os=0.58,yes,no,C,CH28_ROCE_COMPARISON,Identical ROCE formula and two-company comparison structure/logic; only the dollar figures differ. Same chapter.,ACTION_NEEDED
3.D-f2,4.F,14,wj=0.47 bj=0.24 tj=0.12 er=0.64 os=0.17,partial,no,B,,Different blueprint task codes (3.D interpret CPI/SPI vs 4.F cost/schedule control analysis) with different specific numeric scenarios.,CLOSED
11-22,11-24,11,wj=0.45 bj=0.17 tj=0.12 er=0.21 os=0.52,partial,no,B,,Shutdown Point vs Required Return Point — different formula (target profit term vs none).,CLOSED
3.C-f1,4.G,14,wj=0.47 bj=0.17 tj=0.12 er=0.82 os=0.16,partial,no,B,,Different blueprint task codes (3.C report cost performance vs 4.G analyze earned value) with different numeric inputs (2-variable EV/AC vs 3-variable PV/EV/AC).,CLOSED
17-10,17-12,17,wj=0.57 bj=0.28 tj=0.17 er=0.05 os=0.18,no,no,A,,17-10 tests RECALL of the '~3x' staffing ratio fact with no help given; 17-12 explicitly RESTATES that same ratio in its own stem and only tests arithmetic (3x8). A learner who does not know the fact would fail 17-10 but could still pass 17-12 since the fact is given — genuinely independent skills (recall vs given-information arithmetic).,CLOSED
10-15,10-17,10,wj=0.42 bj=0.26 tj=0.22 er=0.54 os=0.00,partial,no,B,,"Total-cost-at-partial-capacity formula vs breakeven-percent-of-capacity (which additionally requires setting cost equal to revenue and solving) — an extra, distinct synthesis step.",CLOSED
34-17,34-18,34,wj=0.56 bj=0.17 tj=0.00 er=0.83 os=0.27,no,no,A,,"SI unit conversion template is shared, but Btu->J (energy) and ft^2->m^2 (area) are unrelated physical quantities/conversion factors — knowing one factor gives no information about the other.",CLOSED
14-7,14-20,14,wj=0.33 bj=0.24 tj=0.09 er=0.64 os=0.00,partial,no,B,,"Schedule Variance (EV-PV, subtraction) vs SPI (EV/PV, ratio) are different formulas/output types.",CLOSED
7-19,10-27,7/10,wj=0.54 bj=0.26 tj=0.11 er=0.42 os=0.25,uncertain,no,B,,"RC3 final adjudication: same Double-Declining-Balance formula family, but 7-19 (Cost=$12,000/Salvage=$2,000/N=5, Year 2) explicitly exercises the salvage-floor constraint (book value must not fall below salvage), while 10-27 (Investment=$750,000/zero salvage/N=5, Year 3, labeled 'Middle Year') never encounters that constraint and requires carrying the balance through an additional year. These test genuinely separable sub-skills within DDB (floor-checking vs. none). RELATED_BUT_INDEPENDENT -- kept as separate evidence.",CLOSED
11-23,11-24,11,wj=0.45 bj=0.14 tj=0.09 er=0.33 os=0.63,partial,no,B,,Cost Point vs Required Return Point — different formula (extra target-return term).,CLOSED
7-5,7-20,7,wj=0.54 bj=0.17 tj=0.05 er=0.67 os=0.12,partial,no,B,,Straight-Line vs Sum-of-Years-Digits are different depreciation methods.,CLOSED
11-7,11-23,11,wj=0.45 bj=0.08 tj=0.04 er=0.07 os=0.83,partial,no,B,,Shutdown Point (excludes admin) vs Cost Point (includes admin) — different formula scope.,CLOSED
31-18,32-18,31/32,wj=0.57 bj=0.24 tj=0.09 er=0.54 os=0.10,uncertain,no,D,CH31_CH32_SENSITIVITY_PCT_IMPACT_REPR_DUP,"RC3 final adjudication: identical underlying scenario and numbers (1,000 units, $1/unit labor and material, labor +50%, quantity/material unchanged) in both items -- 31-18 asks for the new total AND the percentage increase together (its correct option states '$2,500, a 25% increase' explicitly), while 32-18 asks only for the percentage. 32-18's answer is read directly off 31-18's own correct-option text with no additional independent calculation. REPRESENTATION_DUPLICATE -- same evidence in two response formats; linked via a new equivalence group rather than silently rewritten, per the established D-classification handling (CH29_EXPECTED_VALUE_BID_REJECT_REPR_DUP precedent). Recommend future content-authoring review to retire or re-parameterize one item.",ACTIONED (added to CCP_v1.2_Evidence_Equivalence.csv as REPRESENTATION_DUPLICATE_FLAGGED; recommend future content-authoring review to retire/replace one item)
7-5,7-19,7,wj=0.52 bj=0.17 tj=0.05 er=0.60 os=0.12,partial,no,B,,Straight-Line vs Double-Declining-Balance are different depreciation methods.,CLOSED
13-25,13-36,13,wj=0.41 bj=0.22 tj=0.16 er=0.42 os=0.14,partial,no,B,,Forward-pass-only (ES/EF for one activity) vs full forward+backward pass with float and critical-path determination — different scope/skill.,CLOSED
23-18,26-8,23/26,wj=0.40 bj=0.24 tj=0.14 er=0.31 os=0.29,yes,no,C,CH23_BONDING_CAPACITY_REMAINING,Identical 'Remaining Capacity = Total - Active' formula and sufficiency-check logic; the item's own explanation field states this bonding-capacity-remaining calculation is Ch.23 content and that 'Ch.26 itself only mentions bonding capacity in passing' — explicit internal confirmation that the Ch.26 item duplicates Ch.23 content rather than teaching a distinct Ch.26 concept.,ACTION_NEEDED
3.D-f2,3.D-f3,14,wj=0.36 bj=0.13 tj=0.00 er=0.76 os=0.29,partial,yes,B,,"Same blueprint task-code family (3.D interpret CPI/SPI) but the two items use opposite-direction CPI/SPI combinations (favorable-cost/unfavorable-schedule vs unfavorable-cost/favorable-schedule), requiring genuinely different correct conclusions — not a reworded duplicate.",CLOSED
11-7,11-22,11,wj=0.56 bj=0.15 tj=0.08 er=0.28 os=0.58,yes,no,C,CH11_SHUTDOWN_POINT_NO_ADMIN,"Both are 'Shutdown Point' items using the identical formula scope (Revenue = Variable Cost + fixed manufacturing costs only, no admin/G&A); only the cost structure presentation (single VC rate vs decomposed material+labor rates) and numbers differ. Same chapter.",ACTION_NEEDED
4-20,4-22,4,wj=0.45 bj=0.19 tj=0.07 er=0.56 os=0.17,partial,no,B,,Benefits-loaded composite rate (30% load) vs double-time rate (2.0x + govt adder) — different rate-loading facts/formulas.,CLOSED
3.C-f1,3.D-f2,14,wj=0.33 bj=0.20 tj=0.07 er=0.77 os=0.15,partial,no,B,,Different blueprint task codes (3.C report cost performance vs 3.D interpret CPI/SPI).,CLOSED
14-24,14-35,14,wj=0.29 bj=0.23 tj=0.17 er=0.65 os=0.16,no,no,A,,Weighted/equivalent units vs Level of Effort are two distinct progress-measurement techniques.,CLOSED
3.D-f1,3.D-f2,14,wj=0.33 bj=0.07 tj=0.00 er=0.73 os=0.32,partial,yes,B,,Same blueprint task-code family (3.D) but different specific scenario (both-unfavorable vs mixed-favorable) requiring different correct conclusions.,CLOSED
34-12,34-17,34,wj=0.36 bj=0.15 tj=0.00 er=0.80 os=0.28,no,no,A,,SI conversion template shared; volume-flow-rate (gal/hr->L/s) and energy (Btu->J) are unrelated conversion factors.,CLOSED
33-1,32-5,33/32,wj=0.36 bj=0.21 tj=0.15 er=0.46 os=0.02,no,no,A,,"Official TCM definition (Preface) vs TCM/TQM relationship fact (Ch.32) — different source content and different correct answers, not a rewording of the same fact.",CLOSED
34-13,34-17,34,wj=0.36 bj=0.15 tj=0.00 er=0.79 os=0.19,no,no,A,,SI conversion template shared; pressure (psi->Pa) and energy (Btu->J) are unrelated conversion factors.,CLOSED
34-13,34-18,34,wj=0.36 bj=0.15 tj=0.00 er=0.78 os=0.20,no,no,A,,SI conversion template shared; pressure (psi->Pa) and area (ft^2->m^2) are unrelated conversion factors.,CLOSED
34-12,34-18,34,wj=0.36 bj=0.15 tj=0.00 er=0.76 os=0.31,no,no,A,,SI conversion template shared; volume-flow-rate and area are unrelated conversion factors.,CLOSED
34-14,34-18,34,wj=0.36 bj=0.15 tj=0.00 er=0.76 os=0.26,no,no,A,,SI conversion template shared; length (miles->m) and area (ft^2->m^2) are unrelated conversion factors.,CLOSED
34-14,34-17,34,wj=0.36 bj=0.15 tj=0.00 er=0.75 os=0.24,no,no,A,,SI conversion template shared; length and energy are unrelated conversion factors.,CLOSED
3.D-f3,4.G,14,wj=0.31 bj=0.18 tj=0.06 er=0.78 os=0.12,partial,no,B,,Different blueprint task codes (3.D interpret CPI/SPI vs 4.G analyze earned value) with different numeric inputs.,CLOSED
3.A-f1,3.D-f3,18/14,wj=0.27 bj=0.21 tj=0.15 er=0.66 os=0.02,no,no,A,,Genuinely different domains: dashboard/report preparation (3.A) vs CPI/SPI interpretation (3.D) despite a shared generic 'which response is most appropriate' template.,CLOSED
3.C-f3,4.J,14,wj=0.38 bj=0.18 tj=0.06 er=0.63 os=0.12,partial,no,B,,"Different blueprint task codes (3.C report cost performance vs 4.J analyze cost variance/trend), though both scenarios involve a declining CPI trend.",CLOSED
3.D-f1,3.D-f3,14,wj=0.31 bj=0.07 tj=0.00 er=0.67 os=0.27,partial,yes,B,,Same blueprint task-code family (3.D) but different specific index combination requiring a different correct conclusion.,CLOSED
11-8,11-23,11,wj=0.42 bj=0.07 tj=0.02 er=0.06 os=0.62,yes,no,C,CH11_COST_POINT_WITH_ADMIN,Both are 'Cost Point' items using the identical formula scope (Revenue = Variable Cost + fixed manufacturing costs + admin/G&A/selling overhead); only the cost breakdown presentation and numbers differ. Same chapter.,ACTION_NEEDED
14-42,14-43,14,wj=0.43 bj=0.13 tj=0.10 er=0.59 os=0.29,partial,no,B,,Single-month BCWS vs cumulative multi-month BCWS build-up — the cumulative version requires an additional summation step.,CLOSED
7-20,10-27,7/10,wj=0.39 bj=0.19 tj=0.11 er=0.38 os=0.12,partial,no,B,,Sum-of-Years-Digits (Ch.7) vs Double-Declining-Balance (Ch.10) are different depreciation methods from each other.,CLOSED
19-20,19-21,19,wj=0.50 bj=0.27 tj=0.06 er=0.52 os=0.25,partial,no,B,,"CPI calculation vs EAC Method 1 calculation are different formulas, despite reusing the same cost-account numbers sequentially.",CLOSED
14-17,14-18,14,wj=0.32 bj=0.17 tj=0.03 er=0.64 os=0.00,partial,no,B,,TCPI calculation vs qualitative EVM interpretation (CPI/SPI-based) are different tasks/formulas.,CLOSED
11-8,11-22,11,wj=0.42 bj=0.10 tj=0.04 er=0.10 os=0.58,partial,no,B,,Cost Point vs Shutdown Point — different formula scope (cross-item version of pairs already covered).,CLOSED
27-2,27-16,27,wj=0.46 bj=0.11 tj=0.00 er=0.83 os=0.15,yes,no,C,CH27_EFFECTIVE_RATE_PERIODIC,Both use the identical periodic-compounding formula (Eq 27.1/27.2); only nominal rate/compounding period differ. Same chapter (third pairwise member of the CH27 family).,ACTION_NEEDED
11-25,11-27,11,wj=0.44 bj=0.16 tj=0.09 er=0.21 os=0.06,partial,no,B,,"Time-based Shutdown Point (solve for breakeven hours) vs Time-based Profit calculation (given fixed hours, compute profit) — different unknown/formula.",CLOSED
13-33,13-34,13,wj=0.32 bj=0.04 tj=0.00 er=0.12 os=0.67,partial,no,B,,"Schedule-update duration-INCREASE impact vs RECOVERY via logic/duration changes — opposite-direction, related but distinct operations.",CLOSED
1-18,1-19,1,wj=0.55 bj=0.04 tj=0.00 er=0.61 os=0.33,partial,no,B,,Total Cost = Direct + Indirect solved forward (addition) vs Indirect = Total - Direct solved backward (subtraction) — related but distinct arithmetic operations/error modes.,CLOSED
7-5,10-26,7/10,wj=0.36 bj=0.14 tj=0.08 er=0.53 os=0.17,uncertain,yes,B,,"RC3 final adjudication: same Straight-Line formula family, but 7-5 (Cost=$80,000/Salvage=$5,000/N=15) requires the general form D=(Cost-Salvage)/N with a nonzero salvage subtraction, while 10-26 (Investment=$4,500,000/N=12, no salvage) is the zero-salvage special case D=Investment/N. Correctly applying the general form (including recognizing when no subtraction is needed) versus the simplified form are separable aspects of Straight-Line mastery; different numbers, different magnitude, different chapter context (asset costing vs. process/manufacturing capital investment). RELATED_BUT_INDEPENDENT -- kept as separate evidence.",CLOSED
14-7,14-16,14,wj=0.41 bj=0.13 tj=0.04 er=0.79 os=0.15,partial,no,B,,Schedule Variance (EV-PV) vs Cost Variance (EV-AC) are different formulas comparing against different baselines.,CLOSED
4-24,4-26,4,wj=0.46 bj=0.05 tj=0.00 er=0.67 os=0.37,partial,no,B,,"Indirect Labor (% of direct labor) vs Overhead Labor (% of direct cost) are distinct named cost categories in the source material, even though both use a generic %-of-base formula.",CLOSED
34-12,34-19,34,wj=0.42 bj=0.13 tj=0.00 er=0.75 os=0.31,no,no,A,,SI conversion template shared; volume-flow-rate and volume are related but distinct conversion factors/units.,CLOSED
27-2,27-18,27,wj=0.42 bj=0.06 tj=0.00 er=0.73 os=0.12,partial,no,B,,Monthly compounding vs continuous compounding are different formulas.,CLOSED
14-25,14-33,14,wj=0.23 bj=0.17 tj=0.09 er=0.69 os=0.03,no,no,A,,Units Completed vs Supervisor Opinion are two distinct progress-measurement techniques with different defining characteristics.,CLOSED
19-22,19-25,19,wj=0.29 bj=0.25 tj=0.20 er=0.47 os=0.12,partial,no,B,,EAC Method 2 vs Scheduled Value (BCWS) are different formulas.,CLOSED
2-16,2-18,2,wj=0.22 bj=0.04 tj=0.00 er=0.70 os=0.50,partial,no,B,,"Net Profit Margin vs Return on Assets are different financial ratios (different numerator/denominator pairing), despite both yielding 8.0% by coincidence of chosen numbers.",CLOSED
34-13,34-14,34,wj=0.33 bj=0.14 tj=0.00 er=0.78 os=0.25,no,no,A,,SI conversion template shared; pressure and length are unrelated conversion factors.,CLOSED
34-17,34-20,34,wj=0.33 bj=0.14 tj=0.00 er=0.78 os=0.22,no,no,A,,SI conversion template shared; energy and power are unrelated conversion factors.,CLOSED
34-18,34-20,34,wj=0.33 bj=0.14 tj=0.00 er=0.77 os=0.24,no,no,A,,SI conversion template shared; area and power are unrelated conversion factors.,CLOSED
34-12,34-14,34,wj=0.33 bj=0.14 tj=0.00 er=0.75 os=0.27,no,no,A,,SI conversion template shared; volume-flow-rate and length are unrelated conversion factors.,CLOSED
13-29,13-36,13,wj=0.45 bj=0.17 tj=0.02 er=0.45 os=0.14,partial,no,B,,Multiple-critical-paths identification (whole network) vs single-activity ES/EF/LS/LF/float synthesis — different scope/ask.,CLOSED
31-19,32-19,31/32,wj=0.29 bj=0.06 tj=0.02 er=0.23 os=0.88,uncertain,no,B,,"RC3 final adjudication: same percentile-based contingency-selection concept, but 31-19 gives only P50/P90 (simple two-value subtraction, $9.6M-$8.2M=$1.4M) while 32-19 gives P10/P50/P90 (three values) and requires correctly selecting the P50-to-P90 pair while ignoring the P10 distractor ($9.6M-$8.5M=$1.1M). The high option-set similarity score reflects shared dollar-amount formatting and one coincidentally shared P90 figure, not shared numeric answers or a shared correct-option text. The added three-value distractor structure in 32-19 is a materially different cognitive task (pair selection) from 31-19's direct subtraction. RELATED_BUT_INDEPENDENT -- kept as separate evidence.",CLOSED
34-12,34-13,34,wj=0.33 bj=0.14 tj=0.00 er=0.73 os=0.21,no,no,A,,SI conversion template shared; volume-flow-rate and pressure are unrelated conversion factors.,CLOSED
34-18,34-19,34,wj=0.33 bj=0.14 tj=0.00 er=0.73 os=0.30,no,no,A,,SI conversion template shared; area and volume are unrelated conversion factors.,CLOSED
34-17,34-19,34,wj=0.33 bj=0.14 tj=0.00 er=0.73 os=0.27,no,no,A,,SI conversion template shared; energy and volume are unrelated conversion factors.,CLOSED
9-25,9-26,9,wj=0.33 bj=0.15 tj=0.03 er=0.73 os=0.25,partial,no,B,,"End-product-units method vs physical-dimensions method are two different named conceptual-estimating techniques, even though both use a generic per-unit scaling formula.",CLOSED
3.F-f1,4.K-f1,19,wj=0.47 bj=0.15 tj=0.00 er=0.43 os=0.16,partial,no,B,,Different blueprint task codes (3.F profit-margin-analysis vs 4.K profit-margin-impact) with different specific cost-driver scenarios.,CLOSED
34-13,34-20,34,wj=0.31 bj=0.13 tj=0.00 er=0.77 os=0.17,no,no,A,,SI conversion template shared; pressure and power are unrelated conversion factors.,CLOSED
29-33,29-36,29,wj=0.32 bj=0.12 tj=0.00 er=0.73 os=0.00,partial,no,B,,"Simple linear regression (one predictor) vs multiple regression (two predictors, one negative coefficient) are different formula complexity/skill levels.",CLOSED
34-12,34-20,34,wj=0.31 bj=0.13 tj=0.00 er=0.74 os=0.25,no,no,A,,SI conversion template shared; volume-flow-rate and power are unrelated conversion factors.,CLOSED
10-26,10-28,10,wj=0.38 bj=0.03 tj=0.00 er=0.60 os=0.25,partial,no,B,,Straight-Line vs Sum-of-Years-Digits are different depreciation methods.,CLOSED
11-16,11-17,11,wj=0.40 bj=0.09 tj=0.00 er=0.55 os=0.25,partial,no,B,,"Prime Cost vs Manufacturing Cost are two different, sequential steps of the Ladder of Costs with different formulas.",CLOSED
7-19,10-28,7/10,wj=0.38 bj=0.11 tj=0.07 er=0.59 os=0.12,partial,no,B,,Double-Declining-Balance (Ch.7) vs Sum-of-Years-Digits (Ch.10) are different depreciation methods from each other.,CLOSED
34-13,34-19,34,wj=0.31 bj=0.13 tj=0.00 er=0.74 os=0.28,no,no,A,,SI conversion template shared; pressure and volume are unrelated conversion factors.,CLOSED
11-24,11-29,11,wj=0.44 bj=0.15 tj=0.06 er=0.25 os=0.38,partial,no,B,,Required Return Point calculation vs a comparative-synthesis question (difference between two GIVEN breakeven results) — different skill (subtraction/comparison of provided values vs solving an equation).,CLOSED
2.G-f1,3.D-f1,14,wj=0.36 bj=0.12 tj=0.00 er=0.63 os=0.24,partial,no,B,,Different blueprint task codes (2.G communicate KPIs vs 3.D interpret CPI/SPI).,CLOSED
34-14,34-20,34,wj=0.31 bj=0.13 tj=0.00 er=0.72 os=0.21,no,no,A,,SI conversion template shared; length and power are unrelated conversion factors.,CLOSED
3.F-f1,3.F-f2,19,wj=0.37 bj=0.09 tj=0.00 er=0.43 os=0.14,partial,yes,B,,Same blueprint task code (3.F) but different scenario type: pure cost-increase margin erosion vs an approved change that adds BOTH revenue and cost (incremental-margin analysis) — a distinct analytical nuance.,CLOSED
14-15,14-17,14,wj=0.26 bj=0.21 tj=0.17 er=0.52 os=0.00,partial,no,B,,Percent-complete calculation (EV/BAC) vs TCPI calculation are different formulas.,CLOSED
34-14,34-19,34,wj=0.31 bj=0.13 tj=0.00 er=0.71 os=0.36,no,no,A,,SI conversion template shared; length and volume are unrelated conversion factors.,CLOSED
15-15,15-16,15,wj=0.32 bj=0.11 tj=0.07 er=0.68 os=0.37,partial,no,B,,"Credit Work Hours from completed UNITS (rate x units) vs from PERCENT COMPLETE (% x budgeted hours) — different input structure/formula, intentionally covering two CWH methods.",CLOSED
10-22,10-29,10,wj=0.31 bj=0.12 tj=0.06 er=0.65 os=0.33,partial,no,B,,"Maintenance-cost factor vs Insurance/property-tax allowance are different named cost categories, despite sharing a generic %-of-investment formula.",CLOSED
19-23,19-25,19,wj=0.28 bj=0.20 tj=0.16 er=0.54 os=0.00,partial,no,B,,Unit Cost Index vs Scheduled Value (BCWS) are different formulas.,CLOSED
19-22,19-23,19,wj=0.28 bj=0.20 tj=0.16 er=0.48 os=0.23,partial,no,B,,EAC Method 2 vs Unit Cost Index are different formulas.,CLOSED
2.K-f1,2.K-f2,16,wj=0.23 bj=0.09 tj=0.00 er=0.63 os=0.03,partial,yes,B,,Same blueprint task-code family (2.K leadership support) but different scenario (choosing between recovery options vs a contingency-drawdown/scope-classification judgment call).,CLOSED
23-1,23-10,23,wj=0.29 bj=0.04 tj=0.00 er=0.39 os=0.69,yes,no,C,CH23_LUMPSUM_HIGHEST_CONTRACTOR_RISK,"Both test the same specific fact — that Fixed-Price/Firm Fixed-Price Lump Sum places the greatest cost/bid-price risk on the contractor — via independently worded stems and different distractor sets, but the discriminating knowledge and correct-answer concept are identical. Same chapter.",ACTION_NEEDED
3.C-f1,4.F,14,wj=0.26 bj=0.15 tj=0.05 er=0.63 os=0.09,partial,no,B,,Different blueprint task codes (3.C report cost performance vs 4.F cost/schedule control analysis).,CLOSED
11-22,11-25,11,wj=0.54 bj=0.09 tj=0.02 er=0.05 os=0.00,partial,no,B,,"Shutdown Point (quantity-based, solve for X units) vs Shutdown Point (time-based, solve for Y hours) — same concept family but a genuinely different equation structure/unknown type.",CLOSED
13-30,13-32,13,wj=0.54 bj=0.12 tj=0.06 er=0.22 os=0.10,partial,no,B,,Simple FS+lag calculation vs a multi-relationship (SS+FF) controlling-predecessor synthesis — different scope/skill.,CLOSED
8-13,8-15,8,wj=0.50 bj=0.13 tj=0.05 er=0.19 os=0.33,partial,no,B,,Deriving a unit cost rate from a pool vs applying an already-given rate to a new segment — different specific ask/formula direction.,CLOSED
11-23,11-25,11,wj=0.48 bj=0.05 tj=0.00 er=0.07 os=0.00,partial,no,B,,Cost Point (quantity-based) vs Shutdown Point (time-based) — different formula scope and unit basis.,CLOSED
13-25,13-30,13,wj=0.42 bj=0.06 tj=0.02 er=0.16 os=0.40,partial,no,B,,Plain forward-pass calculation vs forward-pass with a Finish-to-Start lag — lag handling is an additional distinct skill.,CLOSED
13-25,13-32,13,wj=0.41 bj=0.06 tj=0.03 er=0.14 os=0.13,partial,no,B,,Plain forward-pass calculation vs a multi-relationship overlapping/controlling-predecessor synthesis — different scope/skill.,CLOSED
4-2,4-18,4,wj=0.39 bj=0.10 tj=0.02 er=0.14 os=0.00,partial,no,B,,Labor burden with fringe given as one lump figure vs benefits-adder % requiring the learner to first sum four itemized fringe components — an additional distinct step.,CLOSED
3.C-f1,3.D-f3,14,wj=0.24 bj=0.12 tj=0.06 er=0.79 os=0.15,partial,no,B,,Different blueprint task codes (3.C report cost performance vs 3.D interpret CPI/SPI).,CLOSED
2-19,2-20,2,wj=0.39 bj=0.14 tj=0.08 er=0.09 os=0.00,partial,no,B,,"ROA via the composite (DuPont) method alone vs a consistency-check question that also requires computing direct ROA and verifying agreement — an extended, distinct skill.",CLOSED
19-18,19-23,19,wj=0.39 bj=0.08 tj=0.04 er=0.49 os=0.00,partial,no,B,,Percent-complete calculation vs Unit Cost Index are different formulas.,CLOSED
11-7,11-25,11,wj=0.39 bj=0.04 tj=0.00 er=0.03 os=0.00,partial,no,B,,Shutdown Point (original single-VC-rate version) vs Shutdown Point (time-based) — different equation structure/unknown type.,CLOSED
17-2,17-6,17,wj=0.38 bj=0.13 tj=0.00 er=0.42 os=0.10,partial,no,B,,General matrix-organization functional/PM role split vs authority specifically in a STRONG matrix — related but distinct facts about different matrix sub-types.,CLOSED
19-24,19-26,19,wj=0.38 bj=0.07 tj=0.03 er=0.49 os=0.31,partial,no,B,,Productivity Index vs Unit-Rates-Method EAC are different formulas.,CLOSED
1-16,1-17R1,1,wj=0.24 bj=0.07 tj=0.00 er=0.76 os=0.33,partial,no,B,,"Direct-cost aggregation vs Indirect-cost aggregation are different, distinctly named cost categories, despite an identical 4-item summation structure.",CLOSED
14-12,14-20,14,wj=0.17 bj=0.05 tj=0.00 er=0.76 os=0.00,partial,no,B,,CPI (EV/AC) vs SPI (EV/PV) are different formulas with different denominators.,CLOSED
14-6,14-16,14,wj=0.28 bj=0.09 tj=0.00 er=0.72 os=0.23,partial,no,B,,VAC (BAC-EAC) vs CV (EV-AC) are different formulas/variables.,CLOSED
2.G-f1,3.D-f3,14,wj=0.22 bj=0.05 tj=0.00 er=0.71 os=0.17,partial,no,B,,Different blueprint task codes (2.G communicate KPIs vs 3.D interpret CPI/SPI).,CLOSED
34-19,34-20,34,wj=0.29 bj=0.12 tj=0.00 er=0.71 os=0.31,no,no,A,,SI conversion template shared; volume and power are unrelated conversion factors.,CLOSED
3.A-f1,3.C-f1,18/14,wj=0.18 bj=0.12 tj=0.07 er=0.67 os=0.05,partial,no,B,,Different blueprint task codes (3.A prepare/update dashboards vs 3.C report cost performance).,CLOSED
2.L-f1,1.J-f1,25,wj=0.29 bj=0.11 tj=0.00 er=0.66 os=0.19,partial,no,B,,Different blueprint task codes (2.L support change-control process vs 1.J confirm change orders are included in baseline).,CLOSED
2.O-f1,1.W-f1,23/25,wj=0.27 bj=0.13 tj=0.07 er=0.66 os=0.07,no,no,A,,"Genuinely different domains: procurement/long-lead-package management (2.O, Ch.23) vs change-order impact evaluation (1.W, Ch.25), despite a shared generic 'integrate/evaluate multiple factors' response template.",CLOSED
14-6,14-15,14,wj=0.25 bj=0.12 tj=0.04 er=0.66 os=0.06,partial,no,B,,VAC vs Percent-Complete are different formulas.,CLOSED
2-17,2-18,2,wj=0.22 bj=0.09 tj=0.05 er=0.66 os=0.00,partial,no,B,,Asset Turnover vs Return on Assets are different financial ratios.,CLOSED
2-14,2-15,2,wj=0.18 bj=0.00 tj=0.00 er=0.66 os=0.00,yes,no,C,CH2_ROI_GAIN_COST_RATIO,"2-15 is explicitly labeled 'ROI — Alternate Form' of the same Gain/Cost-of-Investment ratio tested in 2-14; identical underlying formula and concept, only terminology (Net Income/Investment vs Gain/Cost) and numbers differ. Same chapter.",ACTION_NEEDED
3.A-f1,4.G,18/14,wj=0.18 bj=0.12 tj=0.06 er=0.65 os=0.03,partial,no,B,,Different blueprint task codes (3.A prepare/update dashboards vs 4.G analyze earned value).,CLOSED
34-15,34-20,34,wj=0.24 bj=0.11 tj=0.00 er=0.65 os=0.11,no,no,A,,SI conversion template shared; mass and power are unrelated conversion factors.,CLOSED
2.G-f1,3.D-f2,14,wj=0.24 bj=0.06 tj=0.00 er=0.65 os=0.20,partial,no,B,,Different blueprint task codes (2.G communicate KPIs vs 3.D interpret CPI/SPI).,CLOSED
1.J-f1,1.W-f1,25,wj=0.17 bj=0.06 tj=0.00 er=0.65 os=0.05,partial,no,B,,Different blueprint task codes (1.J confirm change orders in baseline vs 1.W evaluate change-order impact).,CLOSED
34-15,34-18,34,wj=0.27 bj=0.12 tj=0.00 er=0.64 os=0.12,no,no,A,,SI conversion template shared; mass and area are unrelated conversion factors.,CLOSED
14-12,14-16,14,wj=0.17 bj=0.05 tj=0.00 er=0.64 os=0.08,partial,no,B,,CPI vs Cost Variance are different formulas.,CLOSED
34-15,34-17,34,wj=0.27 bj=0.12 tj=0.00 er=0.64 os=0.12,no,no,A,,SI conversion template shared; mass and energy are unrelated conversion factors.,CLOSED
34-14,34-15,34,wj=0.25 bj=0.11 tj=0.00 er=0.64 os=0.11,no,no,A,,SI conversion template shared; length and mass are unrelated conversion factors.,CLOSED
34-13,34-15,34,wj=0.25 bj=0.11 tj=0.00 er=0.64 os=0.10,no,no,A,,SI conversion template shared; pressure and mass are unrelated conversion factors.,CLOSED
2.K-f1,4.L-f1,16/28,wj=0.26 bj=0.10 tj=0.05 er=0.63 os=0.06,no,no,A,,"Genuinely different domains: leadership support / recovery-option analysis (2.K, Ch.16) vs profitability analysis (4.L, Ch.28), despite a shared generic 'evaluate alternatives' response template.",CLOSED
29-29,30-11,29/30,wj=0.22 bj=0.07 tj=0.04 er=0.63 os=0.25,partial,no,B,,"Expected-value formula is shared, but the bid-proposal scenario (Ch.29) and the Monte Carlo project-cost scenario (Ch.30) are different specific scenarios/numbers with lower overall similarity than the confirmed CH30 pair (candidate 23).",CLOSED
34-12,34-15,34,wj=0.25 bj=0.11 tj=0.00 er=0.63 os=0.12,no,no,A,,SI conversion template shared; volume-flow-rate and mass are unrelated conversion factors.,CLOSED
2.O-f1,3.D-f3,23/14,wj=0.19 bj=0.13 tj=0.07 er=0.63 os=0.04,no,no,A,,"Genuinely different domains: procurement (2.O, Ch.23) vs CPI/SPI interpretation (3.D, Ch.14).",CLOSED
2.O-f1,3.A-f1,23/18,wj=0.20 bj=0.14 tj=0.08 er=0.62 os=0.04,no,no,A,,"Genuinely different domains: procurement (2.O, Ch.23) vs cost dashboards (3.A, Ch.18).",CLOSED
