misconception_code,skill_id,chapter_primary,concept,error_class,description,retest_requirement,notes
ACCRUAL_OVERSTATEMENT,ACCRUAL_COST_TRACKING,14,"A work-in-place accrual must be sized to the progress or quantity evidence actually available and to the applicable contract rate for that work, not to the full remaining value of a subcontract or purchase order merely because activity is underway.",CONCEPT_GAP,"Accruing more cost than the current progress/quantity evidence supports — most often the entire remaining committed value of a subcontract or PO — because work is observed to be active, rather than sizing the accrual to what has actually been performed.","Different canonical content AND different evidence-equivalence family testing the same skill_id, answered correctly at Medium or High confidence.",
ACCRUAL_TIMING,ACCRUAL_COST_TRACKING,14,"Actual Cost must include period cost plus any known but unrecorded accruals; when a missing accrual temporarily understates AC, the resulting favorable cost variance or CPI is a data-timing artifact, not genuine performance, and must be corrected or flagged rather than acted on as real.",CONCEPT_GAP,"Treating a cost-favorable signal that is actually caused by a known missing accrual as genuine cost performance — letting distorted, artificially favorable data stand (or drive a decision) instead of correcting or flagging the timing gap.","Different canonical content AND different evidence-equivalence family testing the same skill_id, answered correctly at Medium or High confidence.","skill_id set to the most common associated skill (ACCRUAL_COST_TRACKING, 4/6 rows); this misconception recurs across multiple skill/topic areas (['ACCRUAL_COST_TRACKING', 'EVM_INTERPRETATION']) -- individual diagnostic rows carry their own item-specific skill_id, which is what fragility/retest logic actually uses."
BAC_SUBSTITUTED_FOR_EV,KPI_COMMUNICATION,14,"Total Budget at Completion (BAC) is a fixed, un-time-phased ceiling; assessing current cost or schedule status requires comparing Actual Cost and Planned Value against Earned Value (the time-phased value of completed work), not against the static BAC total.",CONCEPT_GAP,"Comparing Actual Cost (or cash spent) directly against BAC — treating 'has AC exceeded BAC yet' as the cost-status question, or citing PV/EV/AC as interchangeable so BAC can substitute for them — instead of the earned-value-based comparison that actually measures current cost or schedule performance.","Different canonical content AND different evidence-equivalence family testing the same skill_id, answered correctly at Medium or High confidence.","skill_id set to the most common associated skill (KPI_COMMUNICATION, 1/4 rows); this misconception recurs across multiple skill/topic areas (['COST_PERFORMANCE_REPORTING', 'EARNED_VALUE_ANALYSIS', 'KPI_COMMUNICATION', 'PERFORMANCE_MEASUREMENT']) -- individual diagnostic rows carry their own item-specific skill_id, which is what fragility/retest logic actually uses."
CASH_VS_EARNED_VALUE,KPI_COMMUNICATION,14,"Cash expenditure is a funding/disbursement-timing measure; earned value is a measure of completed, verified physical work. The two are denominated in the same currency but measure fundamentally different things, and a mismatch between them (e.g., rising cash with flat physical progress) can be a normal timing pattern rather than proof of inefficiency.",CONCEPT_GAP,"Treating cash expenditure as if it were, or could substitute for, earned value — either by equating the two because both are monetary, or by concluding inefficiency from a cash/progress mismatch without considering ordinary timing explanations (e.g., vendor payment terms, procurement-heavy periods).","Different canonical content AND different evidence-equivalence family testing the same skill_id, answered correctly at Medium or High confidence.","skill_id reflects the most common associated skill (KPI_COMMUNICATION, 2/3 rows); this misconception recurs across multiple skill/topic areas (['KPI_COMMUNICATION', 'PMB_DEVELOPMENT']) -- individual diagnostic rows carry their own item-specific skill_id, which is what fragility/retest logic actually uses."
CA_DEFINITION_CONFUSION,WBS_OBS_CA_STRUCTURE,14,"A Control Account is defined by the integration of the WBS and the OBS: it represents a defined scope of work within a single WBS element that is assigned to a single responsible organizational unit. Its internal sub-elements (Work Packages, Planning Packages) and other project-controls artifacts (RAM, risk register) are not themselves what defines a CA.",CONCEPT_GAP,"Attributing a Control Account's defining structure to the wrong pair of elements — its own internal sub-elements (Planning/Work Packages), or unrelated project-controls artifacts (the risk register, the RAM alone) — instead of the WBS/OBS intersection that actually defines it.","Different canonical content AND different evidence-equivalence family testing the same skill_id, answered correctly at Medium or High confidence.",
CONTENT_INCLUSION_MISREAD,PERFORMANCE_REPORTING,14,"Monthly EVM performance reporting has a defined, bounded content set (planned-vs-earned budget comparisons for schedule variance, earned-vs-actual comparisons for cost variance, and planned/actual schedule and cost differences); items outside that defined set, however plausible they sound, are not part of required monthly reporting content.",CONCEPT_GAP,"Misreading which comparison IS explicitly required monthly-reporting content as the one that is NOT included (or vice versa), because a comparison sounds like it belongs even though the source does not list it, or a comparison sounds unfamiliar even though the source does list it.","Different canonical content AND different evidence-equivalence family testing the same skill_id, answered correctly at Medium or High confidence.",
CONTINGENCY_SCOPE_EXCLUSION,MANAGEMENT_RESERVE_CONTINGENCY,14,"Contingency reserves cover identified-but-uncertain risk events ('known-unknowns') and are removed from the baseline plans specifically to create the PMB; contingency is therefore never part of the PMB, and is itself distinct from ordinary future project scope that is simply awaiting detailed planning.",CONCEPT_GAP,"Treating contingency as part of the PMB, or conflating a contingency (risk-driven) reserve with ordinary identified future scope that has not yet been detailed into Work Packages (a Planning Package) rather than a risk reserve.","Different canonical content AND different evidence-equivalence family testing the same skill_id, answered correctly at Medium or High confidence.","skill_id reflects the most common associated skill (MANAGEMENT_RESERVE_CONTINGENCY, 2/3 rows); this misconception recurs across multiple skill/topic areas (['MANAGEMENT_RESERVE_CONTINGENCY', 'PLANNING_PACKAGE_WORK_PACKAGE']) -- individual diagnostic rows carry their own item-specific skill_id, which is what fragility/retest logic actually uses."
COST_RATIO_VS_PHYSICAL_PROGRESS,PROGRESS_MEASUREMENT_TECHNIQUES,14,"Physical-progress crediting techniques (0/100, 50/50, weighted milestones, percent complete by physical measure) earn value based on verified physical accomplishment, not on how much of the budget has been spent; a cost-ratio measure (actual cost divided by budget) is a spending-pace indicator, not a physical-progress measure, and conflating the two is a known distortion risk.",CONCEPT_GAP,Crediting progress (or describing how a technique earns credit) using a cost-ratio calculation — actual cost incurred divided by budget — instead of the physical-completion rule the named technique actually specifies.,"Different canonical content AND different evidence-equivalence family testing the same skill_id, answered correctly at Medium or High confidence.","skill_id reflects the most common associated skill (PROGRESS_MEASUREMENT_TECHNIQUES, 1/2 rows); this misconception recurs across multiple skill/topic areas (['EV_PHYSICAL_PROGRESS_ALIGNMENT', 'PROGRESS_MEASUREMENT_TECHNIQUES']) -- individual diagnostic rows carry their own item-specific skill_id, which is what fragility/retest logic actually uses."
CPI_DIRECTION,EVM_INTERPRETATION,14,"CPI = EV / AC measures cost efficiency: a value below 1.0 means more has been spent than the value of work earned (unfavorable, over budget), and a value above 1.0 means less has been spent than earned (favorable, under budget). The direction of that inequality — not just its magnitude — carries the meaning.",CONCEPT_GAP,"Reading CPI's favorable/unfavorable direction backwards — describing a CPI below 1.0 as favorable, or a CPI above 1.0 as unfavorable — which inverts the cost-efficiency conclusion the index is meant to convey.","Different canonical content AND different evidence-equivalence family testing the same skill_id, answered correctly at Medium or High confidence.","skill_id reflects the most common associated skill (EVM_INTERPRETATION, 3/11 rows); this misconception recurs across multiple skill/topic areas (['CPI_SPI_INTERPRETATION', 'EVM_FORMULAS', 'EVM_INTERPRETATION', 'KPI_COMMUNICATION']) -- individual diagnostic rows carry their own item-specific skill_id, which is what fragility/retest logic actually uses."
CPI_SPI_CONFLATION,CPI_SPI_INTERPRETATION,14,"CPI (EV/AC) measures cost efficiency and SPI (EV/PV) measures schedule efficiency. The two indices use different denominators, answer different questions, and can point in different directions at the same status date; one index's value or trend cannot be inferred from the other's.",CONCEPT_GAP,"Treating CPI and SPI as if they necessarily move together or measure the same dimension of performance — inferring a schedule conclusion from a cost index's value (or a cost conclusion from a schedule index's value), or substituting one index's operands for the other's.","Different canonical content AND different evidence-equivalence family testing the same skill_id, answered correctly at Medium or High confidence.","skill_id set to the most common associated skill (CPI_SPI_INTERPRETATION, 5/14 rows); this misconception recurs across multiple skill/topic areas (['BASELINE_MONITORING', 'COST_PERFORMANCE_TRACKING', 'COST_SCHEDULE_CONTROL_ANALYSIS', 'COST_TREND_ANALYSIS', 'CPI_SPI_INTERPRETATION', 'EVM_FORMULAS', 'EVM_INTERPRETATION', 'PROGRESS_MEASUREMENT_TECHNIQUES']) -- individual diagnostic rows carry their own item-specific skill_id, which is what fragility/retest logic actually uses."
CV_SIGN,EVM_INTERPRETATION,14,"Cost Variance = EV - AC. A negative CV (AC exceeds EV) means the work performed cost more than its earned value — an unfavorable, over-budget condition — while a positive CV is favorable. The subtraction order, and the resulting sign, carry the meaning.",CALCULATION_ERROR,"Misreading or miscomputing the sign/magnitude of Cost Variance — reversing the EV-AC subtraction order, substituting a variance-to-value ratio (CV/EV) for the CV amount itself, or describing an unfavorable (negative) CV as favorable.","Different canonical content AND different evidence-equivalence family testing the same skill_id, answered correctly at Medium or High confidence.","skill_id set to the most common associated skill (EVM_INTERPRETATION, 3/6 rows); this misconception recurs across multiple skill/topic areas (['COST_PERFORMANCE_REPORTING', 'EARNED_VALUE_ANALYSIS', 'EVM_FORMULAS', 'EVM_INTERPRETATION']) -- individual diagnostic rows carry their own item-specific skill_id, which is what fragility/retest logic actually uses."
EAC_ASSUMPTION_MISMATCH,EAC_FORECASTING,14,"An EAC method (or a decision to keep using BAC as the forecast) is only valid when the continuing-performance assumption it embeds — no cost inefficiency (CPI=1.0), a straight-line extrapolation of current cost, the historical CPI persisting, or remaining work finishing at the original budgeted rate — actually matches the performance data and scenario given.",FORMULA_METHOD_SELECTION,"Selecting, defending, or leaving unchanged an EAC/forecast value whose implicit continuing-performance assumption contradicts the CPI, cost trend, or other performance data explicitly stated in the scenario — including judging which stated conditions would actually support or undermine that assumption.","Different canonical content AND different evidence-equivalence family testing the same skill_id, answered correctly at Medium or High confidence.","skill_id set to the most common associated skill (EAC_FORECASTING, 8/10 rows); this misconception recurs across multiple skill/topic areas (['COST_FORECASTING', 'EAC_FORECASTING']) -- individual diagnostic rows carry their own item-specific skill_id, which is what fragility/retest logic actually uses."
EAC_FORMULA_OPERATION_ERROR,EAC_FORECASTING,14,"EAC-family formulas (e.g., EAC = BAC/CPI, EAC = AC + (BAC-EV), VAC = BAC-EAC) specify particular operands combined by a particular arithmetic operation; the operation is not interchangeable, and substituting addition for subtraction or multiplication for division produces a value with no valid EVM interpretation.",CALCULATION_ERROR,"Applying the wrong arithmetic operation to otherwise-correct EAC/VAC operands — adding two quantities that should be subtracted, or multiplying where the formula calls for division — producing a numeric result that does not correspond to any recognized forecasting formula.","Different canonical content AND different evidence-equivalence family testing the same skill_id, answered correctly at Medium or High confidence.","skill_id set to the most common associated skill (EAC_FORECASTING, 2/3 rows); this misconception recurs across multiple skill/topic areas (['EAC_FORECASTING', 'EVM_FORECASTING']) -- individual diagnostic rows carry their own item-specific skill_id, which is what fragility/retest logic actually uses."
EAC_REPORTING_OMISSION,COST_PERFORMANCE_REPORTING,14,"Performance reporting has a duty to surface the current cost forecast (EAC/VAC) alongside status indices such as CPI whenever a deteriorating trend exists, so management is not left to infer forecast risk from a rate indicator alone.",CONCEPT_GAP,"Reporting a status index (CPI) or the original budget (BAC) while deliberately withholding the current cost forecast (EAC), which denies management the forward-looking information the report is intended to provide.","Different canonical content AND different evidence-equivalence family testing the same skill_id, answered correctly at Medium or High confidence.",
ETC_VS_EAC,ETC_VS_EAC,14,ETC = EAC - AC: the estimated cost of remaining work is the total forecast at completion minus cost already incurred. ETC and EAC measure different things (remaining cost vs. total forecast cost) and are not interchangeable or averaged.,CALCULATION_ERROR,"Computing ETC using an operation other than EAC minus AC (for example, averaging EAC and AC) — ETC is the cost still needed to finish, not a midpoint between the total forecast and cost-to-date.","Different canonical content AND different evidence-equivalence family testing the same skill_id, answered correctly at Medium or High confidence.","skill_id reflects the most common associated skill (ETC_VS_EAC, 2/3 rows); this misconception recurs across multiple skill/topic areas (['COST_ANALYSIS_VALIDATION', 'ETC_VS_EAC']) -- individual diagnostic rows carry their own item-specific skill_id, which is what fragility/retest logic actually uses."
EVMS_APPLICATION,EVMS_APPLICATION,14,"An Earned Value system can be applied to work normally tracked in hours (or other non-cost units) as long as its execution steps have defined dates, weighting, and value; when that structure exists, building EV into those defined steps is viable and preferable to abandoning budgeted value for coarser milestone-only tracking.",CONCEPT_GAP,"Concluding that an EV system is not viable, or falling back to milestone-only/qualitative tracking, for work that actually has the dated, weighted, valued structure needed to support proper EV measurement.","Different canonical content AND different evidence-equivalence family testing the same skill_id, answered correctly at Medium or High confidence.",
EVM_FORMULAS,EVM_FORMULAS,14,"Earned-value percent complete = EV / BAC: the share of authorized budget for which credit has been earned. It is distinct from percent of budget remaining (which uses BAC-EV in the numerator) and from cost- or schedule-efficiency indices (CPI, SPI), which answer different questions.",CALCULATION_ERROR,"Computing a different, related EVM quantity (most often percent of budget REMAINING, (BAC-EV)/BAC) when percent complete/percent earned was asked for — the formula is internally valid but answers a different question than the one posed.","Different canonical content AND different evidence-equivalence family testing the same skill_id, answered correctly at Medium or High confidence.","skill_id reflects the most common associated skill (EVM_FORMULAS, 14/15 rows); this misconception recurs across multiple skill/topic areas (['EVM_FORMULAS', 'PROGRESS_MEASUREMENT_TECHNIQUES']) -- individual diagnostic rows carry their own item-specific skill_id, which is what fragility/retest logic actually uses."
EVM_INDEX_VARIANCE_FORMULA_CONFUSION,EVM_FORMULAS,14,"EVM has two distinct formula families for comparing the same pair of quantities: a variance (a subtraction, e.g., CV=EV-AC, SV=EV-PV) and an index (a ratio, e.g., CPI=EV/AC, SPI=EV/PV). The two are not interchangeable and answer different questions — how much of a gap exists, versus what rate of efficiency exists.",FORMULA_METHOD_SELECTION,"Substituting the wrong formula family or wrong operand pair when a specific EVM value is requested — computing a variance-to-value ratio (CV/EV or SV/EV) when an index (CPI or SPI) was asked for, or computing a different quantity's variance/index (e.g., CV's or CPI's operands) when SV or SPI was asked for, and vice versa.","Different canonical content AND different evidence-equivalence family testing the same skill_id, answered correctly at Medium or High confidence.","Renamed from SV_SPI_FORMULA_TYPE_CONFUSION and broadened to also cover the equivalent CPI-side pattern (a variance-to-EV ratio computed and mislabeled as CPI), which the taxonomy previously left folded into CV_SIGN purely because of first-occurrence grouping."
EV_PHYSICAL_PROGRESS_DECOUPLING,EV_PHYSICAL_PROGRESS_ALIGNMENT,14,"Earned value must be grounded in verified physical accomplishment; when reported EV materially diverges from independently verified physical progress, the earning method and supporting evidence must be investigated and EV reconciled to actual accomplishment, not treated as independently valid.",CONCEPT_GAP,"Treating reported EV as valid on its own even when it materially diverges from verified physical progress, instead of recognizing the gap as exactly the kind of overstatement that must be investigated and corrected.","Different canonical content AND different evidence-equivalence family testing the same skill_id, answered correctly at Medium or High confidence.",
IBR_PROCESS_STEP_SUBSTITUTION,IBR,14,"The IBR process consists of four defined, jointly executed activities in a specific order: PMB Assessment, IBR Preparation, IBR Execution, and Management Processes. Each step name is precise and none of them is a stand-in for another.",CONCEPT_GAP,Substituting a plausible-sounding but incorrect activity name for one of the IBR process's four defined steps (most often confusing 'IBR Execution' — conducting the review itself — with some other execution-flavored activity).,"Different canonical content AND different evidence-equivalence family testing the same skill_id, answered correctly at Medium or High confidence.",
IBR_TIMING,IBR,14,"General guidance calls for an Integrated Baseline Review within six months of contract award, continuing thereafter based on changes to the performance measurement baseline. The stated window is measured in months, not weeks.",CONCEPT_GAP,"Misstating the IBR timing window's unit or magnitude — most often substituting a much shorter period (e.g., weeks) for the source's stated months-based guidance.","Different canonical content AND different evidence-equivalence family testing the same skill_id, answered correctly at Medium or High confidence.",
INCOMPLETE_OPTION_SELECTION,PERFORMANCE_MEASUREMENT_BASELINE,14,"A source list of defining characteristics (e.g., of the PMB) may include multiple true statements at once; when a question asks which are key characteristics and more than one listed item is true, the complete/aggregate option is the correct answer, not any single true-but-partial item presented as if it excluded the others.",QUESTION_READING_INTERPRETATION,"Selecting a single true characteristic as the complete answer when the source lists several true characteristics together and the question calls for the complete set (e.g., missing an 'all of the above'-type answer).","Different canonical content AND different evidence-equivalence family testing the same skill_id, answered correctly at Medium or High confidence.",
INCREMENTAL_MILESTONE_PARTIAL_CREDIT,PROGRESS_MEASUREMENT_TECHNIQUES,14,"Under strict incremental-milestone crediting, only fully completed discrete milestones earn credit; an in-progress but unfinished milestone earns nothing until it, too, is complete. Credit is never interpolated proportionally between milestones.",FORMULA_METHOD_SELECTION,"Crediting an in-progress, not-yet-complete milestone with partial/proportional value (or blending a completed milestone's weight with an estimated in-progress fraction) under a technique that actually requires full milestone completion before any credit is earned.","Different canonical content AND different evidence-equivalence family testing the same skill_id, answered correctly at Medium or High confidence.",
INTERMEDIATE_RATIO_MISLABELED_AS_FORECAST,EAC_FORECASTING,14,"CPI (EV/AC) is a cost-efficiency index, not a completion forecast; a valid EAC combines CPI (or a chosen performance assumption) with the remaining work, typically as BAC/CPI or AC+(BAC-EV)/CPI, rather than stopping at the index itself.",FORMULA_METHOD_SELECTION,"Computing a genuine intermediate ratio (most often CPI = EV/AC) correctly but then presenting that ratio's numeric value as if it were itself the completion forecast (EAC), skipping the step that actually projects remaining cost.","Different canonical content AND different evidence-equivalence family testing the same skill_id, answered correctly at Medium or High confidence.",
LOE_EV_CONVENTION,PROGRESS_MEASUREMENT_TECHNIQUES,14,"Under the Level of Effort convention, earned value is defined by convention to equal planned value (EV=PV) as time passes, so Schedule Variance is exactly zero at every status date for a pure LOE activity, regardless of the actual physical progress of the work it supports.",CONCEPT_GAP,"Misstating LOE's schedule-variance behavior — describing SV as positive, negative, or variable for a pure LOE activity — instead of recognizing that SV is defined to be exactly zero at all times under the convention.","Different canonical content AND different evidence-equivalence family testing the same skill_id, answered correctly at Medium or High confidence.",
MANAGEMENT_RESERVE_SCOPE_EXCLUSION,PLANNING_PACKAGE_WORK_PACKAGE,14,Management Reserve is a discretionary amount held outside the Performance Measurement Baseline with no assigned scope or Control Account of its own; it is not a placeholder for identified future work and carries no earned value.,CONCEPT_GAP,"Attributing PMB membership, assigned scope, or an earned-value role to Management Reserve — classifying identified future project work as MR, or describing MR as if it were part of the baseline it is defined to sit outside of.","Different canonical content AND different evidence-equivalence family testing the same skill_id, answered correctly at Medium or High confidence.","skill_id set to the most common associated skill (PLANNING_PACKAGE_WORK_PACKAGE, 1/2 rows); this misconception recurs across multiple skill/topic areas (['MANAGEMENT_RESERVE_CONTINGENCY', 'PLANNING_PACKAGE_WORK_PACKAGE']) -- individual diagnostic rows carry their own item-specific skill_id, which is what fragility/retest logic actually uses."
MR_MISUSE,MANAGEMENT_RESERVE_CONTINGENCY,14,"Management Reserve sits outside the PMB, carries no assigned scope, and prudent-use rules explicitly prohibit using it to offset accumulated cost or schedule over/under-runs that have already occurred in existing control accounts.",CONCEPT_GAP,"Proposing or describing use of Management Reserve to absorb an already-accumulated cost or schedule shortfall in an existing control account, contrary to the explicit prohibition on using MR that way.","Different canonical content AND different evidence-equivalence family testing the same skill_id, answered correctly at Medium or High confidence.",
ORG_STRUCTURE_LABEL_SWAP,ORG_STRUCTURES,14,"In a Matrix Organization, an individual's administrative home stays with the functional manager while matrixed to support another project; in a Project Organization, individuals are fully assigned to the project team for a definitive start/finish and released back to their functional group afterward. The two structures' defining features are not interchangeable.",CONCEPT_GAP,"Swapping which organizational structure (Matrix vs. Project) a described set of features actually belongs to — pairing 'administratively tied to functional group while matrixed elsewhere' with Project, or 'definitive start/finish, released by the PM' with Matrix.","Different canonical content AND different evidence-equivalence family testing the same skill_id, answered correctly at Medium or High confidence.",
PMB_BASELINE_INTEGRITY,EVM_INTERPRETATION,14,"The Performance Measurement Baseline, and BAC within it, can change only through a formal, scope-driven change control process; an operational performance signal — a sustained unfavorable CPI, an accrual timing issue, or a desire to normalize an index — is never itself a valid basis for altering the baseline.",CONCEPT_GAP,"Proposing to raise or lower BAC/PMB in direct response to a cost or schedule performance signal (most often inflating BAC to force CPI back toward 1.0) rather than addressing the underlying performance issue or pursuing a formal, scope-driven baseline change.","Different canonical content AND different evidence-equivalence family testing the same skill_id, answered correctly at Medium or High confidence.","skill_id reflects the most common associated skill (EVM_INTERPRETATION, 1/5 rows); this misconception recurs across multiple skill/topic areas (['BAC_MONITORING', 'BASELINE_MONITORING', 'EVM_INTERPRETATION', 'KPI_COMMUNICATION', 'PERFORMANCE_MEASUREMENT_BASELINE']) -- individual diagnostic rows carry their own item-specific skill_id, which is what fragility/retest logic actually uses."
PMB_CHANGE_CONTROL,PERFORMANCE_MEASUREMENT_BASELINE,14,"The PMB can change only through a formal, scope-driven change control process; cost/schedule performance data, accrual timing, trend information, or reporting convenience are never themselves a valid basis for revising BAC, PMB, or CBB outside that process.",CONCEPT_GAP,"Redefining, resetting, or justifying a change to the baseline as if it should track actual cost or a performance trend directly (e.g., resetting BAC to actual-cost-plus-forecast at every status date, lowering BAC for an accrual timing issue, or citing a trend as grounds to change the baseline) instead of leaving it fixed until a formal change is approved.","Different canonical content AND different evidence-equivalence family testing the same skill_id, answered correctly at Medium or High confidence.","Distinct from PMB_BASELINE_INTEGRITY: this code covers baseline-change-process recall/application errors generally, while PMB_BASELINE_INTEGRITY covers the specific malpractice pattern of altering the baseline to mask a cost-performance signal. skill_id reflects the most common associated skill (PERFORMANCE_MEASUREMENT_BASELINE, 2/4 rows); this misconception recurs across multiple skill/topic areas (['BAC_MONITORING', 'EVM_INTERPRETATION', 'PERFORMANCE_MEASUREMENT_BASELINE']) -- individual diagnostic rows carry their own item-specific skill_id, which is what fragility/retest logic actually uses."
PMB_VS_CBB_CONFUSION,PERFORMANCE_MEASUREMENT_BASELINE,14,"The PMB is the sum of time-phased budgets for all control accounts and summary-level planning packages, plus applicable indirect budgets and undistributed budget. Adding Management Reserve to the PMB yields the Contract Budget Base (CBB); it is the CBB, not the PMB, that plus profit/fee equals contract price.",CONCEPT_GAP,"Substituting PMB for CBB (or vice versa) in the budget-composition chain — most often computing contract price as PMB plus profit/fee instead of CBB plus profit/fee, skipping the PMB-plus-Management-Reserve step that actually produces the CBB.","Different canonical content AND different evidence-equivalence family testing the same skill_id, answered correctly at Medium or High confidence.",
PP_VS_WP_CLASSIFICATION,PLANNING_PACKAGE_WORK_PACKAGE,14,"A Work Package requires schedule- and resource-level detail that is already planned and ready for near-term execution; a Planning Package is identified, budgeted future scope that is time-phased with the schedule but not yet broken down to that task level.",CONCEPT_GAP,"Classifying scope that lacks near-term task/schedule/resource detail as a Work Package, when that very lack of detail is what should identify it as a Planning Package instead.","Different canonical content AND different evidence-equivalence family testing the same skill_id, answered correctly at Medium or High confidence.",
PROGRESS_METHOD_SELECTION,PROGRESS_MEASUREMENT_TECHNIQUES,14,"Each progress-measurement technique (0/100, 50/50, percent complete, incremental milestones, weighted/equivalent units, apportioned effort, LOE, etc.) has a specific crediting rule tied to particular triggers (start/finish, physical measurement, discrete milestone completion); applying one technique's crediting rule to a scenario that specifies a different technique produces an incorrect earned value.",FORMULA_METHOD_SELECTION,Applying the crediting rule of one progress-measurement technique to a scenario or item that specifies a different technique — the recurring pattern across this family is misapplying a familiar technique's rule rather than the one the scenario actually calls for.,"Different canonical content AND different evidence-equivalence family testing the same skill_id, answered correctly at Medium or High confidence.","Deliberately kept as one broad code rather than split per technique-pair: all member rows share this single underlying pattern (wrong-technique rule applied), and the specific technique pair involved is already captured per-row via skill_id and evidence_family. skill_id reflects the most common associated skill (PROGRESS_MEASUREMENT_TECHNIQUES, 21/22 rows); this misconception recurs across multiple skill/topic areas (['PERFORMANCE_MEASUREMENT', 'PROGRESS_MEASUREMENT_TECHNIQUES']) -- individual diagnostic rows carry their own item-specific skill_id, which is what fragility/retest logic actually uses."
PV_EV_AC_CONFUSION,COST_PERFORMANCE_REPORTING,14,"Planned Value, Earned Value, and Actual Cost are three distinct EVM quantities (budgeted-for-plan, earned-for-performance, and spent, respectively) that happen to share monetary units; correct cost or schedule performance measures require pairing the right two quantities (EV-AC for cost, EV-PV for schedule) rather than substituting one quantity for another.",CONCEPT_GAP,"Substituting one of PV, EV, or AC for another in a performance measure or baseline-building step — for example, comparing AC to PV and calling it cost performance, using AC to build a planning baseline, or reporting AC alone as a performance measure — rather than pairing the quantities EVM actually specifies.","Different canonical content AND different evidence-equivalence family testing the same skill_id, answered correctly at Medium or High confidence.","skill_id set to the most common associated skill (COST_PERFORMANCE_REPORTING, 4/12 rows); this misconception recurs across multiple skill/topic areas (['BASELINE_DEVELOPMENT', 'COST_FORECASTING', 'COST_PERFORMANCE_REPORTING', 'COST_PERFORMANCE_TRACKING', 'EVM_FORMULAS', 'PMB_DEVELOPMENT', 'TIME_PHASED_BASELINE']) -- individual diagnostic rows carry their own item-specific skill_id, which is what fragility/retest logic actually uses."
PV_UNIFORM_SPREAD_ERROR,TIME_PHASED_BASELINE,14,"Planned Value is created by time-phasing the authorized budget to the actual planned work and schedule, so PV reflects WHEN scope is expected to be performed according to the schedule network — not a flat, calendar-uniform spread of the total budget.",CONCEPT_GAP,"Spreading the total budget evenly across the project's duration (a uniform monthly/periodic allocation) instead of time-phasing it to the actual planned execution sequence, ignoring that real work is rarely performed at a constant rate.","Different canonical content AND different evidence-equivalence family testing the same skill_id, answered correctly at Medium or High confidence.",
RAM_ACRONYM_COLLISION,WBS_OBS_CA_STRUCTURE,14,"In project controls, RAM stands for Responsibility Assignment Matrix — the tool that cross-references the OBS to the WBS and identifies Control Account responsibility.",QUESTION_READING_INTERPRETATION,Substituting a common non-project-controls meaning of an acronym (most often 'Random Access Memory' for RAM) for its defined project-controls meaning — an acronym-collision error rather than a substantive misunderstanding of the underlying concept.,"Different canonical content AND different evidence-equivalence family testing the same skill_id, answered correctly at Medium or High confidence.",
SCHEDULE_CONSTRAINT_SEQUENCING,SCHEDULE_DEVELOPMENT,14,"A schedule should first be run without imposed constraints to identify the true, network-driven completion date and critical path; mandatory constraints may then be applied, but constraint use should be limited, since heavy constraint use can prevent calculating a genuine critical path.",CONCEPT_GAP,"Reversing the recommended sequence — applying constraints (or a management-imposed date) before or instead of first calculating the unconstrained, network-driven schedule — contrary to guidance that constraints should be applied sparingly and only after the true critical path is known.","Different canonical content AND different evidence-equivalence family testing the same skill_id, answered correctly at Medium or High confidence.",
SPI_COMPLETION_DATE_OVERREACH,CPI_SPI_INTERPRETATION,14,"SPI is a dollar-weighted, earned-value-based proxy for schedule performance; a favorable SPI at one status date does not by itself guarantee the final completion date will be met, since SPI has known limitations near project completion and on activities off the critical path.",CONCEPT_GAP,"Treating a favorable SPI reading as if it guaranteed the contract completion date will be met, without recognizing SPI's known limitations as a value-based (not schedule-network-based) indicator, especially near completion or for non-critical-path work.","Different canonical content AND different evidence-equivalence family testing the same skill_id, answered correctly at Medium or High confidence.",
SPI_DIRECTION,EVM_FORMULAS,14,"SPI = EV / PV measures schedule efficiency: a value below 1.0 means less value has been earned than planned by this point (behind schedule), and a value above 1.0 means ahead of schedule. The direction of that inequality carries the meaning, independent of whatever CPI happens to show.",CONCEPT_GAP,Reading SPI's ahead/behind-schedule direction backwards — describing an SPI below 1.0 as ahead of schedule (often while correctly reading a paired CPI's direction) — which inverts the schedule conclusion the index is meant to convey.,"Different canonical content AND different evidence-equivalence family testing the same skill_id, answered correctly at Medium or High confidence.","skill_id set to the most common associated skill (EVM_FORMULAS, 4/5 rows); this misconception recurs across multiple skill/topic areas (['EVM_FORMULAS', 'EVM_INTERPRETATION']) -- individual diagnostic rows carry their own item-specific skill_id, which is what fragility/retest logic actually uses."
SV_SIGN,EVM_FORMULAS,14,"Schedule Variance = EV - PV. A negative SV (PV exceeds EV) means less value has been earned than planned by this point — behind schedule — while a positive SV is ahead of schedule. The subtraction order, and the resulting sign, carry the meaning.",CALCULATION_ERROR,"Misreading or miscomputing the sign/magnitude of Schedule Variance — reversing the EV-PV subtraction order, substituting a different quantity's operands (e.g., AC in place of PV) for SV's, or describing an unfavorable (negative) SV as ahead of schedule.","Different canonical content AND different evidence-equivalence family testing the same skill_id, answered correctly at Medium or High confidence.","skill_id reflects the most common associated skill (EVM_FORMULAS, 5/6 rows); this misconception recurs across multiple skill/topic areas (['EARNED_VALUE_ANALYSIS', 'EVM_FORMULAS']) -- individual diagnostic rows carry their own item-specific skill_id, which is what fragility/retest logic actually uses."
TCPI_DENOMINATOR,TCPI,14,"TCPI (to BAC) = (BAC - EV) / (BAC - AC): the cost efficiency required on all remaining work to finish exactly at the original budget, using remaining WORK (BAC-EV) over remaining BUDGET/FUNDS (BAC-AC) — not total budget or total cost.",CALCULATION_ERROR,"Using total BAC (or another non-remaining quantity) in TCPI's denominator instead of remaining budget (BAC-AC), which understates or otherwise misstates the efficiency actually required on the work that is left.","Different canonical content AND different evidence-equivalence family testing the same skill_id, answered correctly at Medium or High confidence.",
TREND_ANALYSIS,COST_TREND_ANALYSIS,14,"A deteriorating multi-period trend is a leading indicator; even when cumulative cost variance has not yet become material, the trend should be communicated, tied to forecast cost risk, and its drivers identified so corrective action can be taken before the cumulative variance grows.",CONCEPT_GAP,"Dismissing or deprioritizing a deteriorating multi-period trend because the cumulative variance is still small, ignoring trend analysis's purpose as an early-warning tool — by the time cumulative variance becomes material, the opportunity for early corrective action may already be lost.","Different canonical content AND different evidence-equivalence family testing the same skill_id, answered correctly at Medium or High confidence.","skill_id set to the most common associated skill (COST_TREND_ANALYSIS, 2/4 rows); this misconception recurs across multiple skill/topic areas (['BASELINE_MONITORING', 'COST_TREND_ANALYSIS', 'KPI_COMMUNICATION']) -- individual diagnostic rows carry their own item-specific skill_id, which is what fragility/retest logic actually uses."
UNIT_COST_ANALYSIS,UNIT_COST_ANALYSIS,14,"Actual unit cost = Actual Cost / Actual Completed Quantity: cost incurred divided by the quantity of work actually completed, using the quantity figure the scenario states, not a planned or assumed quantity.",CALCULATION_ERROR,Dividing actual cost by the wrong quantity figure — most often a planned/target quantity instead of the actual completed quantity the scenario states — which mismatches numerator and denominator time periods or scopes.,"Different canonical content AND different evidence-equivalence family testing the same skill_id, answered correctly at Medium or High confidence.","skill_id reflects the most common associated skill (UNIT_COST_ANALYSIS, 3/4 rows); this misconception recurs across multiple skill/topic areas (['PROGRESS_MEASUREMENT_TECHNIQUES', 'UNIT_COST_ANALYSIS']) -- individual diagnostic rows carry their own item-specific skill_id, which is what fragility/retest logic actually uses."
VAC_INTERPRETATION,EVM_FORECASTING,14,"VAC = BAC - EAC. A negative VAC means the current forecast exceeds the original budget (an unfavorable, over-budget forecast); the subtraction order (BAC minus EAC, not the reverse) must be preserved because the sign carries the meaning.",CALCULATION_ERROR,"Reversing VAC's subtraction order (computing EAC minus BAC instead of BAC minus EAC), which flips the sign and can turn a real cost overrun into an apparently favorable figure.","Different canonical content AND different evidence-equivalence family testing the same skill_id, answered correctly at Medium or High confidence.",
WBS_OBS_CONFUSION,WBS_OBS_CA_STRUCTURE,14,"The WBS is the product-oriented, top-down hierarchy that is the fundamental definition of program scope, used to organize, schedule, budget, authorize, measure, and report project work. The OBS reflects the performing organization's reporting/responsibility structure integrated with the PMO — a different axis entirely.",CONCEPT_GAP,"Attributing the WBS's product/scope-decomposition role to the OBS (or vice versa) — describing organizational/reporting structure as if it were the definition of project scope, or scope decomposition as if it defined responsibility/reporting lines.","Different canonical content AND different evidence-equivalence family testing the same skill_id, answered correctly at Medium or High confidence.","skill_id reflects the most common associated skill (WBS_OBS_CA_STRUCTURE, 8/9 rows); this misconception recurs across multiple skill/topic areas (['EVMS_APPLICATION', 'WBS_OBS_CA_STRUCTURE']) -- individual diagnostic rows carry their own item-specific skill_id, which is what fragility/retest logic actually uses."
WBS_VS_MILESTONE_LIST,WBS_OBS_CA_STRUCTURE,14,"The WBS is a systematic, hierarchical decomposition of a project's total work scope into manageable components for planning and control of technical scope, cost, and schedule. A list of deliverables and milestones is a separate planning artifact developed during Planning, Scheduling, and Budgeting — not itself the WBS.",CONCEPT_GAP,"Describing a deliverables/milestone list as if it were the WBS itself, rather than recognizing it as a related but separate planning artifact built from (or alongside) the WBS.","Different canonical content AND different evidence-equivalence family testing the same skill_id, answered correctly at Medium or High confidence.",
WEIGHTED_UNITS_NAIVE_COUNT,PROGRESS_MEASUREMENT_TECHNIQUES,14,"Weighted/equivalent-units earned value = (completed weighted units / total weighted units) x BAC, where each unit's weight reflects its actual quantity and relative effort factor — sub-item types are not treated as equally weighted categories.",CALCULATION_ERROR,"Splitting budget evenly across sub-item TYPES/categories (a naive equal-count allocation) instead of weighting by each type's actual quantity and effort/weight factor, which ignores that different sub-item types can represent very different shares of the total scope.","Different canonical content AND different evidence-equivalence family testing the same skill_id, answered correctly at Medium or High confidence.",
WORK_AUTHORIZATION_PARTY_CONFUSION,WORK_AUTHORIZATION,14,"The Work Authorization Directive (WAD) is the internal formal agreement of scope, plan, and schedule between the Project Manager (who issues it) and the Control Account Manager (who implements it); it is signed by at least these two internal parties. External parties (the customer) are party to contractual authorization instruments, not the internal WAD.",CONCEPT_GAP,"Naming an external party (most often the customer) as a party to the internal Work Authorization Directive, conflating internal work-authorization instruments with external/contractual authorization instruments.","Different canonical content AND different evidence-equivalence family testing the same skill_id, answered correctly at Medium or High confidence.",
ZERO_HUNDRED_VS_FIFTY_FIFTY,PROGRESS_MEASUREMENT_TECHNIQUES,14,"The 50/50 rule earns 50% of a work package's budget when the activity starts and the remaining 50% only at completion, regardless of actual physical percent complete in between; this differs from the 0/100 rule, which earns nothing until the activity is fully complete.",FORMULA_METHOD_SELECTION,"Applying the 0/100 rule's crediting logic (no credit until 100% complete) to a scenario that specifies the 50/50 rule, which requires crediting the 50% start-credit as soon as the activity has begun.","Different canonical content AND different evidence-equivalence family testing the same skill_id, answered correctly at Medium or High confidence.",
