canonical_content_id,chapter,current_audit_status,inventory_type,batch_first_flagged,disposition,repair_state,ledger_notes_summary
1-17,1,CORRECTION REQUIRED (premise not source-defensible),native_QUESTIONS,A,quarantined,RESOLVED_REPLACED,"Profit and contingency incorrectly summed as indirect-cost elements; RP10S-90 + S&K6 Ch.1/Ch.2 Table 2.1 contradict this. No minimal edit preserves $73,000 without the false assertion. Quarantined pending a rewritten replacement."
1-17R1,1,VERIFIED,MCQ_native,G1,active - replaces retired 1-17,"RESOLVED_HISTORICAL (new replacement unit, not itself excluded)","v1.2.9 GLOBAL GAP REPAIR - new canonical unit authored to replace retired/quarantined 1-17. FULL AUDIT PERFORMED AT PRODUCTION STANDARD: (1) STEM: 'A project's indirect cost elements are: overhead $20,000, taxes $6,000, utilities $3,000, and legal services $4,000. What is the total indirect cost?' (2) SOURCE SUPPORT: S&K6 Ch.1 p.11 (Indirect Costs) states verbatim 'Indirect costs include general administrative activities associated with operating the business, costs for providing and maintaining"
cm5_9,5,VERIFIED,MCQ_curated,G2,active - Ch.5 distinct-case capacity repair,"RESOLVED_HISTORICAL (new capacity-repair unit, not itself excluded)","v1.2.9 GLOBAL GAP REPAIR (continuation) - Chapter 5's Apply/Challenge disjoint source-case supply was reduced from 10 to 9 by the pre-existing ts5_1 exclusion. The initially-planned fix (restoring cm5_2 via a QA-gate wording repair) was re-examined per the mandatory distinct-case/near-duplicate check: cm5_2's scenario template ('long-range planning' + 'post-June-1995'/'filed after June 8, 1995' + 'What/Which general patent term should [X] use') was found to be a NEAR-DUPLICATE (Case C) of existi"
ts5_1,5,SOURCE SUPPORT INSUFFICIENT,blueprint_transfer_supplement,A,excluded from evidence (sourceConflict=true; v57CuratedHighTrust gate),ACTIVE_EXCLUDED_NO_REPAIR_REQUIRED,"Newly discovered this pass (global inventory census, V57_TRANSFER_SUPPLEMENT). Item tests a four-way production-system taxonomy (Project/Continuous-process/Assembly-line/Job-shop) and keys 'Project production' as correct. Checked against all 5 mandatory sources (Handbook, RP 10S-90, S&K6, TCM Framework, Study Guide): S&K6 Ch.5 and the Study Guide's own Ch.5 Key-Points-for-Review both use ONLY a binary continuous-vs-discrete production classification; none of the 5 sources defines or uses 'Projec"
6-19,6,"D - TECHNICALLY VALID, OUTSIDE SUPPORTED CCP SOURCE SCOPE",native_QUESTIONS,A,quarantined (unchanged),ACTIVE_EXCLUDED_NO_REPAIR_REQUIRED,"No support in any of 5 sources; arithmetic correct; quarantine reconfirmed, reclass to insufficient-support recommended | A-E: technical validity=valid, source support=unsupported (checked all 5 sources), scope=outside supported CCP source scope, classification=D, disposition=quarantined (unchanged, not restored)."
6-20,6,"D - TECHNICALLY VALID, OUTSIDE SUPPORTED CCP SOURCE SCOPE",native_QUESTIONS,A,quarantined (unchanged),ACTIVE_EXCLUDED_NO_REPAIR_REQUIRED,"Same as 6-19 | A-E: technical validity=valid, source support=unsupported (checked all 5 sources), scope=outside supported CCP source scope, classification=D, disposition=quarantined (unchanged, not restored)."
6-21,6,"D - TECHNICALLY VALID, OUTSIDE SUPPORTED CCP SOURCE SCOPE",native_QUESTIONS,A,quarantined (unchanged),ACTIVE_EXCLUDED_NO_REPAIR_REQUIRED,"Same as 6-19 | A-E: technical validity=valid, source support=unsupported (checked all 5 sources), scope=outside supported CCP source scope, classification=D, disposition=quarantined (unchanged, not restored)."
6-22,6,"D - TECHNICALLY VALID, OUTSIDE SUPPORTED CCP SOURCE SCOPE",native_QUESTIONS,A,quarantined (unchanged),ACTIVE_EXCLUDED_NO_REPAIR_REQUIRED,"Same as 6-19 | A-E: technical validity=valid, source support=unsupported (checked all 5 sources), scope=outside supported CCP source scope, classification=D, disposition=quarantined (unchanged, not restored)."
6-23,6,"D - TECHNICALLY VALID, OUTSIDE SUPPORTED CCP SOURCE SCOPE",native_QUESTIONS,A,quarantined (unchanged),ACTIVE_EXCLUDED_NO_REPAIR_REQUIRED,"Same as 6-19 | A-E: technical validity=valid, source support=unsupported (checked all 5 sources), scope=outside supported CCP source scope, classification=D, disposition=quarantined (unchanged, not restored)."
6-24,6,"D - TECHNICALLY VALID, OUTSIDE SUPPORTED CCP SOURCE SCOPE",native_QUESTIONS,A,quarantined (unchanged),ACTIVE_EXCLUDED_NO_REPAIR_REQUIRED,"Same as 6-19 | A-E: technical validity=valid, source support=unsupported (checked all 5 sources), scope=outside supported CCP source scope, classification=D, disposition=quarantined (unchanged, not restored)."
sg6_4,6,SOURCE CONFLICT (Study Guide erratum suspected),EXAM_STUDY_GUIDE_BANK,A,"active for provenance/display; excluded from scoring, mastery, cold evidence, readiness, and high-confidence-misconception contribution",ACTIVE_EXCLUDED_NO_REPAIR_REQUIRED,"Study Guide states Replacement Cost has 3 subcategories (Reproduction Cost, Replacement Cost, Fair Value); S&K6 Ch.6 p.55 defines only 2 (Reproduction Cost, Fair Value) - Replacement Cost cannot be its own subcategory. Official item/answer preserved unedited for provenance."
appa_2e,10,SOURCE SUPPORT INSUFFICIENT,study_guide,B,active-flagged-excluded-from-score,ACTIVE_EXCLUDED_NO_REPAIR_REQUIRED,SOURCE SUPPORT INSUFFICIENT: no source defines Proportional Costs as a synonym for semi-variable costs (digitization fidelity VERIFIED)
14-10,14,SECONDARY-COURSE-SUPPORTED / HIGHER-PRIORITY SOURCE SUPPORT INSUFFICIENT (validated-evidence status: EXCLUDED),QUESTIONS,C,excluded from evidence (isQuestionSuspended via BATCHC_QA_QUARANTINE),ACTIVE_EXCLUDED_NO_REPAIR_REQUIRED,"EAC computed via AC+(BAC-EV)/(CPI x SPI), a composite formula not found in RP 10S-90, S&K6 Ch.14/19, TCM Framework, or the CCP Study Guide (which documents only budget-rate, BAC/CPI, and historical-curve EAC methods). Arithmetic independently re-verified as internally consistent (CPI=0.940, SPI=0.850, EAC=SAR 23.53M); formula itself lacks primary AACE-hierarchy support. Preserved for provenance; quarantined from evidence. PART-0 CLARIFICATION: the exact formula AC+(BAC-EV)/(CPIxSPI) IS present i"
14-26,14,SOURCE CONFLICT (LOE EV=PV/SV=0 convention not uniformly established across the accepted AACE source set: S&K6 Ch.14 states EV=AC; TCM Framework allows a cost-spent LOE percent-complete basis; RP 10S-90 silent on the exact formula) (validated-evidence status: EXCLUDED),MCQ_native,P2A,quarantined,ACTIVE_EXCLUDED_NO_REPAIR_REQUIRED,"PHASE 2A TRUE COMPLETION GATE ADDENDUM (does not rewrite the Batch C row above, which correctly found no arithmetic/definitional error under the audit performed at that time). Phase 2A's deeper per-option diagnostic-evidence review surfaced a source-hierarchy issue Batch C's pass-level audit did not test for: the item's scored answer ('SV is always exactly zero') depends on the LOE convention EV=PV; RP 10S-90's LEVEL OF EFFORT definition states only that LOE performance 'is claimed by the passag"
cx14_2,14,SECONDARY-COURSE-SUPPORTED / HIGHER-PRIORITY SOURCE SUPPORT INSUFFICIENT (validated-evidence status: EXCLUDED),V520_CHALLENGE_EXTRAS,C,excluded from evidence (sourceConflict flag; filtered from Challenge candidate pool),ACTIVE_EXCLUDED_NO_REPAIR_REQUIRED,"Same unsupported CPI x SPI composite EAC formula as native 14-10 (EAC=AC+(BAC-EV)/(CPI x SPI)). Arithmetic independently re-verified as internally consistent (EAC≈$14.38M); formula lacks primary AACE-hierarchy support. Preserved for provenance; excluded from evidence. PART-0 CLARIFICATION: the exact formula AC+(BAC-EV)/(CPIxSPI) IS present in the CCP Preparation Course (a legitimate secondary source), and RP 10S-90 recognizes IEAC forecasting using EVM efficiency rates such as CPI and SPI genera"
sg22_2,22,VERIFIED (pre-existing official Study Guide answer-letter anomaly independently reconfirmed and correctly resolved),MCQ_official_study_guide,D,active - reviewedAnswer override in place,SEE_LEDGER_NOTES,"MANDATORY KNOWN ANOMALY CHECK (independently investigated, not trusted from the existing app correction): the CCP Study Guide, 2nd Ed., Chapter 22 Check-on-Learning Q2 asks which VE stage is where numerous alternatives are developed, with options A=Information phase, B=Speculative phase, C=Analytical phase, D=Proposal phase. (1) OFFICIAL PRINTED ANSWER LETTER: D. (2) ACTUAL OPTION TEXT AT LETTER D AS PRINTED: 'Proposal phase' (a term that does not correspond to any of the six S&K6 VE Job Plan ph"
29-26,29,"B - TECHNICALLY VALID, OUTSIDE SUPPORTED CCP SOURCE SCOPE",MCQ_native,E,excluded (SYSTEM_QUARANTINE_IDS - TECHNICALLY VALID/OUTSIDE SCOPE),ACTIVE_EXCLUDED_NO_REPAIR_REQUIRED,"MANDATORY REASSESSMENT (independent, not restored merely because previously quarantined, not kept quarantined merely because it was quarantined before): this item tests the Addition Rule for mutually exclusive events, P(A or B)=P(A)+P(B). Arithmetic independently reconfirmed correct (0.30+0.25=0.55). S&K6 Ch.29 was read in full this pass: the source states the axiom 'each p(x)>=0... and Sum p(x)=1' (an implicit additive-disjoint-outcome property) but does NOT present the two-event Addition Rule "
29-27,29,"B - TECHNICALLY VALID, OUTSIDE SUPPORTED CCP SOURCE SCOPE",MCQ_native,E,excluded (SYSTEM_QUARANTINE_IDS - TECHNICALLY VALID/OUTSIDE SCOPE),ACTIVE_EXCLUDED_NO_REPAIR_REQUIRED,"MANDATORY REASSESSMENT (independent, not restored merely because previously quarantined, not kept quarantined merely because it was quarantined before): this item tests the Multiplication Rule for independent events, P(A and B)=P(A)xP(B). Arithmetic independently reconfirmed correct (0.60x0.50=0.30). S&K6 Ch.29 was read in full this pass: the chapter's Binomial Distribution section explicitly requires 'each experiment is independent of all the others' as one of five defining properties, and the "
29-28,29,"B - TECHNICALLY VALID, OUTSIDE SUPPORTED CCP SOURCE SCOPE",MCQ_native,E,excluded (SYSTEM_QUARANTINE_IDS - TECHNICALLY VALID/OUTSIDE SCOPE),ACTIVE_EXCLUDED_NO_REPAIR_REQUIRED,"MANDATORY REASSESSMENT (independent, not restored merely because previously quarantined, not kept quarantined merely because it was quarantined before): this item tests the Conditional Probability definition, P(A|B)=P(A and B)/P(B). Arithmetic independently reconfirmed correct (0.15/0.40=0.375). S&K6 Ch.29 was read in full this pass and does not discuss conditional probability as a concept at all - unlike 29-26/27, there is no implicit dependency on this concept anywhere in the chapter's binomia"
cx20_3,20,"SOURCE SUPPORT INSUFFICIENT (validated-evidence status: EXCLUDED, resolved via replacement)",V520_CHALLENGE_EXTRAS,RC3.2,quarantined - replaced by cx20_3R1,RESOLVED_REPLACED,"Situational leadership/readiness-based delegation claim never directly verified against source; direct read of S&K6 Ch.20 (pp.271-280) found no such content in the chapter. Preserved unedited for provenance; quarantined via V57_SOURCE_UNSUPPORTED_IDS (same mechanism as cx14_2). Replaced by cx20_3R1, grounded in the chapter's Management-role structure-autonomy balance point (p.274)."
